{"type":"FeatureCollection","features":[{"type":"Feature","geometry":{"type":"Polygon","coordinates":[[[79.9144986821079,19.14559476257175],[79.90592680729222,19.15739784850791],[79.88286322516777,19.15715271565171],[79.85353485380513,19.16693100097714],[79.82420800935779,19.16259505609665],[79.79563778900041,19.1476982086019],[79.78418352949046,19.14749979316228],[79.77504121868873,19.15309357754532],[79.76827853556605,19.17609113427623],[79.76237066033744,19.18033732220901],[79.73211999173995,19.18131680488621],[79.70288882855482,19.20008136468052],[79.65507643518862,19.19506829389979],[79.62905804368778,19.209706289054],[79.62399233974435,19.22124062923832],[79.61128213102721,19.22017312372561],[79.59885862001838,19.23917120362381],[79.56286911154241,19.24021395339324],[79.54709493453012,19.26255693871875],[79.53483032431333,19.26270480055097],[79.51654761964942,19.25422846499244],[79.52887361309944,19.22322781591506],[79.53686817516366,19.21707724328389],[79.54021799396979,19.20260058962398],[79.51969647091516,19.19611973391453],[79.50642505326557,19.20342137728855],[79.48117139874859,19.20136204608323],[79.48387238830895,19.18956873290142],[79.47006394794347,19.18602549594117],[79.45056645225074,19.19268189177361],[79.43901312800355,19.1804117053852],[79.42050984797898,19.17549360569093],[79.41376913138166,19.17836972859868],[79.41447723419193,19.2006279431766],[79.35965078339103,19.20944036937535],[79.34612215630428,19.22194074009039],[79.33797326860498,19.22189678441995],[79.33273360469282,19.21200500101614],[79.34294688831935,19.20876649302101],[79.332674851451,19.19033604667187],[79.33392921872043,19.15987011151017],[79.32852338740634,19.15390383734276],[79.30958295200438,19.15897090607091],[79.31103954126503,19.13083087583233],[79.30609870651442,19.10407925856547],[79.26906298779572,19.11285182882666],[79.24872537880368,19.09140360754694],[79.2342313630239,19.09599096882559],[79.20958374300707,19.07101397091826],[79.20906347658327,19.05259027422823],[79.20327885805504,19.04402149575189],[79.18954970491926,19.04838673377381],[79.17791484130116,19.04192544710547],[79.16668882998286,19.05145039808273],[79.13768360005037,19.04975747812144],[79.13040114625454,19.05172256917419],[79.13020821154176,19.05594011675118],[79.14519905257414,19.06108931968598],[79.15309498500442,19.07326494660657],[79.15048088975747,19.0939511721012],[79.1376098556576,19.11020930363339],[79.11666416455867,19.15971576454213],[79.09858402869574,19.17587643545833],[79.074915735214,19.18603626196984],[79.05426913974753,19.21722929701816],[79.02403262618664,19.22167414842979],[78.99120468802059,19.24667869987854],[78.97675703511082,19.24596919064255],[78.95543271564628,19.25250026230781],[78.94158893205206,19.26564646717994],[78.89242664681305,19.29460797066947],[78.8899351082637,19.31647827873928],[78.89409037208704,19.33429648497336],[78.88391033986908,19.34324781113471],[78.86952133892463,19.3433214620397],[78.84308495415875,19.36473693898404],[78.83864354529393,19.38316359587361],[78.82149685856047,19.38544747118036],[78.81307418938977,19.39147666770981],[78.81265872112056,19.39535122878299],[78.82993739759497,19.39991145004288],[78.8323231122876,19.42353476982286],[78.82278087438618,19.42673213596367],[78.81205316784101,19.45372942942774],[78.79129927099635,19.46749003719445],[78.78549149464243,19.49158664150733],[78.77309821230503,19.50191672663014],[78.77044316970465,19.52202018361408],[78.7751118952064,19.53203300959758],[78.77615694743437,19.5613069898832],[78.79493470421498,19.57296434909321],[78.79503948857561,19.59611343648414],[78.80508729454536,19.60417920102205],[78.80252312626668,19.61413053667156],[78.78573341272705,19.63320048743283],[78.782172067588,19.66134903295311],[78.79172204462562,19.66124303804822],[78.81654801813855,19.64438404364446],[78.82668567312605,19.64265621565103],[78.85072765904694,19.64990318206439],[78.8576328927984,19.65811852737571],[78.8874317855057,19.65542482910407],[78.89054166910873,19.65959055916898],[78.88650946588571,19.66263390553567],[78.90237745949953,19.67021800602126],[78.91992628919853,19.66715625590035],[78.9197863546377,19.6621866275757],[78.95286346803779,19.65852313481655],[78.96191008213962,19.63762669567808],[78.95543022960376,19.6193004803164],[78.95568047433973,19.60035435457087],[78.97184422046735,19.59019621346748],[78.9728944763142,19.58257073412424],[78.95260313319868,19.56516137009641],[78.93773381321974,19.56205669042109],[78.94050374074352,19.55205184355336],[78.97428219201757,19.54956593506789],[78.98131026430553,19.56102262082326],[78.99780525912911,19.54924736746301],[78.99808829252459,19.54026636478361],[79.04607523339007,19.54851660646793],[79.07695476832453,19.53258992334394],[79.09809036347957,19.53221773064086],[79.10543891223335,19.52256510913836],[79.16139223881719,19.48845073016598],[79.16787581168242,19.47254711000514],[79.19035944488758,19.45917955917886],[79.22362935944594,19.46926991398917],[79.20388634135838,19.49426848872395],[79.20751075093064,19.50631529775124],[79.22120362876043,19.52117959570313],[79.23376809785371,19.52019687567277],[79.2400638715524,19.53543154077832],[79.23716529318452,19.5573309469866],[79.25107081085483,19.57769949964604],[79.25316572065394,19.59349076667423],[79.24445540196218,19.59506254471842],[79.2386895693129,19.60636699721699],[79.24359893640732,19.61688552042888],[79.25113890314975,19.61606732915773],[79.27299416503794,19.59903917008667],[79.30688903671803,19.59675059826967],[79.31398835908747,19.56661368027161],[79.31858965006306,19.56789348602878],[79.31849692700192,19.57691632362982],[79.3657800739003,19.57651966223385],[79.3727967817773,19.56118252934282],[79.38572120283555,19.55851998234914],[79.40175190092253,19.53863759654451],[79.41460091605796,19.53271682805766],[79.42303567549888,19.53034963014596],[79.42259772947122,19.53823254806979],[79.4333702568265,19.53745101757814],[79.46899062058237,19.50976447687381],[79.47150637586527,19.50033474979114],[79.48266102720567,19.50647032238533],[79.49841487402705,19.50588909639538],[79.51862003905234,19.52037447453992],[79.51864346998909,19.54330421670703],[79.54172611294082,19.55477685445897],[79.5529633389998,19.524359540703],[79.59424680245084,19.50705811879059],[79.6029891356554,19.51474052687056],[79.61417025418307,19.55986956860199],[79.63219004672257,19.57528459383206],[79.70901847264413,19.58467859946981],[79.74408212211468,19.60890599787988],[79.77862583970378,19.59986809913285],[79.80651356490328,19.57895773692752],[79.8163540446507,19.57422782172123],[79.8312037751696,19.54030704562699],[79.84519970254944,19.53340608195672],[79.86459876858838,19.51070990417597],[79.91451488061102,19.49623119349123],[79.93242209368503,19.47674333054336],[79.94483433050546,19.47001945087548],[79.94762407836895,19.44988409761051],[79.97240902449809,19.41642511363052],[79.97794672598947,19.40056926618087],[79.9796819045167,19.38887302938042],[79.97183719214424,19.38177066686412],[79.96798053057658,19.35684034511102],[79.95909132865722,19.33615464398789],[79.96588177856545,19.30324985476418],[79.95057629992405,19.28925205494674],[79.93636940814879,19.26434679399563],[79.92451761917025,19.22593013802485],[79.92546547733836,19.21085259685702],[79.94484025367272,19.18029794656987],[79.94613602775493,19.17048054886439],[79.9144986821079,19.14559476257175]]]},"properties":{"ST_NAME":"Chhattisgarh","DIST_NAME":"Kumuram Bheem Asifabad"}},{"type":"Feature","geometry":{"type":"Polygon","coordinates":[[[79.86910841427995,19.04343068709982],[79.87610653480807,19.03908320053611],[79.89923336896582,19.0404631944005],[79.92064097763239,19.04993346793947],[79.92892886756245,19.04941845378689],[79.93707839938004,19.04291409854163],[79.9402750580782,19.03278767362136],[79.94311863651114,18.99147133476938],[79.95854384590851,18.94225586823084],[79.95511003787128,18.90388341594021],[79.96310157120067,18.86600344456495],[79.96000902411623,18.85880059237715],[79.92710946253382,18.83856533582515],[79.91543221865342,18.82541208623251],[79.9044635285003,18.82920812805797],[79.88971176350039,18.82552104831702],[79.87837542932594,18.82828887307793],[79.86677842193635,18.8369638830942],[79.85339300220869,18.86641828728376],[79.84303478101776,18.87105188097601],[79.83766090339124,18.86894840073571],[79.82735325206959,18.85449046832578],[79.82635573836737,18.82747710982272],[79.84878477200444,18.79561186266354],[79.84314542956413,18.78000605513955],[79.8193280848661,18.75720229059632],[79.8184316066967,18.74619732750338],[79.82583864312795,18.73515433278929],[79.82410840735683,18.72401819854109],[79.79418357764557,18.69505072101133],[79.78656240367422,18.69868525458346],[79.7692905080034,18.6966074431634],[79.74759821144264,18.6822559357284],[79.71322130543497,18.6852480408079],[79.69179485526286,18.67072052923392],[79.67751300133521,18.67423937807505],[79.66328455532025,18.69048287045602],[79.65155281834065,18.71540033395993],[79.64470502157154,18.71706703532197],[79.63339970316322,18.72928540836204],[79.54511026177896,18.77758951581225],[79.5318692713313,18.78634596721172],[79.50615795725702,18.7864823482308],[79.48770475094074,18.81036531108464],[79.42692258538966,18.8516568246891],[79.39378350258819,18.85755105442259],[79.37369177340568,18.85173193731212],[79.35277666658534,18.81981902745883],[79.33801238919479,18.81552579774443],[79.30847473062097,18.81605806384443],[79.27036848406952,18.82942333407923],[79.24861608187898,18.85368255032453],[79.23302111766323,18.86182142168585],[79.17928434503732,18.87182258409486],[79.10596493779137,18.94849381794056],[79.10414456171448,18.96939670716314],[79.0919936987516,18.9906117323468],[79.09058423686079,19.01024646515134],[79.07910836908427,19.03543683031111],[79.09856847998385,19.05085778566268],[79.10383902360275,19.08051286000861],[79.1376098556576,19.11020930363339],[79.15048088975747,19.0939511721012],[79.15309498500442,19.07326494660657],[79.14519905257414,19.06108931968598],[79.13020821154176,19.05594011675118],[79.13040114625454,19.05172256917419],[79.13768360005037,19.04975747812144],[79.16668882998286,19.05145039808273],[79.17791484130116,19.04192544710547],[79.18954970491926,19.04838673377381],[79.20327885805504,19.04402149575189],[79.20906347658327,19.05259027422823],[79.20958374300707,19.07101397091826],[79.2342313630239,19.09599096882559],[79.24872537880368,19.09140360754694],[79.26906298779572,19.11285182882666],[79.30609870651442,19.10407925856547],[79.31103954126503,19.13083087583233],[79.30958295200438,19.15897090607091],[79.32852338740634,19.15390383734276],[79.33392921872043,19.15987011151017],[79.332674851451,19.19033604667187],[79.34294688831935,19.20876649302101],[79.33273360469282,19.21200500101614],[79.33797326860498,19.22189678441995],[79.34612215630428,19.22194074009039],[79.35965078339103,19.20944036937535],[79.41447723419193,19.2006279431766],[79.41376913138166,19.17836972859868],[79.42050984797898,19.17549360569093],[79.43901312800355,19.1804117053852],[79.45056645225074,19.19268189177361],[79.47006394794347,19.18602549594117],[79.48387238830895,19.18956873290142],[79.48117139874859,19.20136204608323],[79.50642505326557,19.20342137728855],[79.51969647091516,19.19611973391453],[79.54021799396979,19.20260058962398],[79.53686817516366,19.21707724328389],[79.52887361309944,19.22322781591506],[79.51654761964942,19.25422846499244],[79.53483032431333,19.26270480055097],[79.54709493453012,19.26255693871875],[79.56286911154241,19.24021395339324],[79.59885862001838,19.23917120362381],[79.61128213102721,19.22017312372561],[79.62399233974435,19.22124062923832],[79.62905804368778,19.209706289054],[79.65507643518862,19.19506829389979],[79.70288882855482,19.20008136468052],[79.73211999173995,19.18131680488621],[79.76237066033744,19.18033732220901],[79.76827853556605,19.17609113427623],[79.77504121868873,19.15309357754532],[79.78418352949046,19.14749979316228],[79.79563778900041,19.1476982086019],[79.82420800935779,19.16259505609665],[79.85353485380513,19.16693100097714],[79.88286322516777,19.15715271565171],[79.90592680729222,19.15739784850791],[79.9144986821079,19.14559476257175],[79.87377743494059,19.1242718503111],[79.85943279774096,19.10883981229812],[79.85838729050757,19.0960750912383],[79.86910841427995,19.04343068709982]]]},"properties":{"ST_NAME":"Chhattisgarh","DIST_NAME":"Mancherial"}},{"type":"Feature","geometry":{"type":"Polygon","coordinates":[[[78.77615694743437,19.5613069898832],[78.7751118952064,19.53203300959758],[78.77044316970465,19.52202018361408],[78.77309821230503,19.50191672663014],[78.78549149464243,19.49158664150733],[78.79129927099635,19.46749003719445],[78.81205316784101,19.45372942942774],[78.82278087438618,19.42673213596367],[78.8323231122876,19.42353476982286],[78.82993739759497,19.39991145004288],[78.81265872112056,19.39535122878299],[78.81307418938977,19.39147666770981],[78.82149685856047,19.38544747118036],[78.83864354529393,19.38316359587361],[78.84308495415875,19.36473693898404],[78.86952133892463,19.3433214620397],[78.88391033986908,19.34324781113471],[78.89409037208704,19.33429648497336],[78.8899351082637,19.31647827873928],[78.89242664681305,19.29460797066947],[78.94158893205206,19.26564646717994],[78.95543271564628,19.25250026230781],[78.97675703511082,19.24596919064255],[78.99120468802059,19.24667869987854],[79.02403262618664,19.22167414842979],[79.05426913974753,19.21722929701816],[79.074915735214,19.18603626196984],[79.09858402869574,19.17587643545833],[79.11666416455867,19.15971576454213],[79.1376098556576,19.11020930363339],[79.10383902360275,19.08051286000861],[79.09856847998385,19.05085778566268],[79.07910836908427,19.03543683031111],[79.06594780311207,19.04955851257769],[79.03709595581934,19.06303453495276],[79.02429157720582,19.07492676521992],[79.01657246074177,19.07288683609209],[78.95233342104926,19.07680573940682],[78.91182832471463,19.03045151428676],[78.84521329778472,19.07036167125472],[78.8360934069596,19.06871515828426],[78.82133036135413,19.04906016664378],[78.79884999204894,19.04826597897971],[78.77596862764128,19.03535426775938],[78.76955317045888,19.02563425079982],[78.76997194708251,19.01422010315247],[78.75949102117839,19.01116538507741],[78.7501217293432,19.01383731863551],[78.70101633099847,19.03606872494191],[78.66556570221914,19.01485610954491],[78.66010446416576,19.00085357014461],[78.63635765527461,18.97793000105988],[78.60536734089695,18.98648894921671],[78.61044976460099,19.0014820705227],[78.61154963523938,19.02984740411122],[78.58851270591784,19.07375918131841],[78.59342277154633,19.10531799018178],[78.57625518167481,19.11198059725151],[78.54902488008675,19.13911828137867],[78.52296046452307,19.15070828532124],[78.50386493506839,19.18281512586015],[78.4869800900995,19.18606541635933],[78.48523723688116,19.19367693665302],[78.50440892844887,19.21037881349366],[78.5034464095982,19.22335121458339],[78.45573929247469,19.2349116466601],[78.45244870899816,19.20018816592978],[78.44611377224105,19.19032842033383],[78.43150321664662,19.18341738766281],[78.40605992299557,19.18294718116603],[78.40447902256932,19.17945666169466],[78.39173949862523,19.18653127367479],[78.38327087599967,19.19827620904628],[78.37828950139082,19.19743816402748],[78.32522704637748,19.22449477712992],[78.30351439197455,19.26147216348129],[78.24416639175034,19.3032470908007],[78.21500211918138,19.32084022517477],[78.19242405848894,19.32607733076742],[78.1772090146749,19.33443039697291],[78.17242602408788,19.349850921498],[78.17214779994856,19.35956915377749],[78.17951663626813,19.36311117388742],[78.1770398205953,19.36776716533941],[78.18801783501252,19.394680794931],[78.17636095557651,19.41248807778383],[78.19573513209389,19.40702564891516],[78.20295581855348,19.41955967784976],[78.22017889214173,19.43275973411189],[78.23564002313076,19.42696827522545],[78.24466240398172,19.42902172038138],[78.24668239765421,19.43532842615345],[78.262755850094,19.44323344552928],[78.2638436892268,19.44909848730788],[78.26878903871798,19.44863601212536],[78.27054201629414,19.45631856809346],[78.28709715064566,19.4486850890932],[78.30447601720053,19.45628521297397],[78.30619594900661,19.46287548676999],[78.30932834558223,19.4812431604892],[78.29875250135188,19.4969879553503],[78.29048690965283,19.52780874545478],[78.29332084796596,19.54241601484294],[78.2840268414282,19.54159569155815],[78.27440324211226,19.55415698628588],[78.27534426449999,19.56264363931016],[78.29365562877074,19.55916533447704],[78.29737805258678,19.56807731579216],[78.30378170600761,19.56950028714058],[78.30099476147943,19.57924833688225],[78.30566029385466,19.60724367497866],[78.29399298714091,19.61961748383685],[78.29055652293184,19.64617405597071],[78.28097636710594,19.65109939441953],[78.27910372261744,19.6578140914637],[78.26274278586278,19.66523589682574],[78.27627944574314,19.69258480239092],[78.287940981276,19.6882054168879],[78.31191252301488,19.69122142216099],[78.31874445759775,19.70569568234015],[78.3432321675154,19.71347089433146],[78.33937388993827,19.7243254365705],[78.34132195713555,19.73592614950482],[78.34937572823355,19.73814606127113],[78.36475255013367,19.78140117443834],[78.35752169522523,19.80560214361688],[78.34487937773466,19.81354496059571],[78.33411502339547,19.81472894866502],[78.33651529273396,19.83805014268058],[78.31601517588926,19.84271678367041],[78.30097900036225,19.8406524453937],[78.28600748156812,19.84756995721729],[78.28509689349832,19.85667041147479],[78.29883138307224,19.87514203292759],[78.30652005362748,19.91426223481354],[78.33070895766679,19.91489026167422],[78.33424936813086,19.90583425114807],[78.32444831136816,19.89556120438205],[78.33209300616193,19.88509343697422],[78.38156386724114,19.87993059283248],[78.38612078948604,19.84612487867569],[78.42311989346751,19.81771571744355],[78.4533365894534,19.81307127401935],[78.47232335136776,19.81760482444919],[78.49091547282887,19.7927615368219],[78.50729986973992,19.79773581469842],[78.50903472666711,19.81223553679743],[78.51534244145866,19.81920225174044],[78.53175870665427,19.8187689464139],[78.54956260451185,19.82442657765174],[78.57237095708956,19.81602553804918],[78.5954854811223,19.81771894804429],[78.60986965781154,19.81715929455011],[78.62559792303313,19.80833487777743],[78.64281749901018,19.80797766891745],[78.65512306093248,19.80036550000985],[78.69829825560639,19.78904640119739],[78.70615967149764,19.77247752973421],[78.71922432690617,19.76682227650365],[78.72421012278701,19.76792819213432],[78.73008838442057,19.78039935326411],[78.74011572675822,19.78331115867353],[78.75684783813719,19.77214845812069],[78.77929802254091,19.78039997873643],[78.78781516566714,19.77561206402798],[78.79458266940082,19.76008378475033],[78.80306546248029,19.75584123053616],[78.8166818303031,19.76210239950619],[78.8248641639614,19.75455287127005],[78.84082406708893,19.76195890559203],[78.84801477329964,19.73567371628002],[78.85121122724509,19.73630317326752],[78.84948921695096,19.72214636691481],[78.85998725213895,19.68967043368831],[78.85575588750524,19.68684023598385],[78.85191256272492,19.65877970713699],[78.8576328927984,19.65811852737571],[78.85072765904694,19.64990318206439],[78.82668567312605,19.64265621565103],[78.81654801813855,19.64438404364446],[78.79172204462562,19.66124303804822],[78.782172067588,19.66134903295311],[78.78573341272705,19.63320048743283],[78.80252312626668,19.61413053667156],[78.80508729454536,19.60417920102205],[78.79503948857561,19.59611343648414],[78.79493470421498,19.57296434909321],[78.77615694743437,19.5613069898832]]]},"properties":{"ST_NAME":"Chhattisgarh","DIST_NAME":"Adilabad"}},{"type":"Feature","geometry":{"type":"Polygon","coordinates":[[[78.19242405848894,19.32607733076742],[78.21500211918138,19.32084022517477],[78.24416639175034,19.3032470908007],[78.30351439197455,19.26147216348129],[78.32522704637748,19.22449477712992],[78.37828950139082,19.19743816402748],[78.38327087599967,19.19827620904628],[78.39173949862523,19.18653127367479],[78.40447902256932,19.17945666169466],[78.40605992299557,19.18294718116603],[78.43150321664662,19.18341738766281],[78.44611377224105,19.19032842033383],[78.45244870899816,19.20018816592978],[78.45573929247469,19.2349116466601],[78.5034464095982,19.22335121458339],[78.50440892844887,19.21037881349366],[78.48523723688116,19.19367693665302],[78.4869800900995,19.18606541635933],[78.50386493506839,19.18281512586015],[78.52296046452307,19.15070828532124],[78.54902488008675,19.13911828137867],[78.57625518167481,19.11198059725151],[78.59342277154633,19.10531799018178],[78.58851270591784,19.07375918131841],[78.61154963523938,19.02984740411122],[78.61044976460099,19.0014820705227],[78.60536734089695,18.98648894921671],[78.58846559649834,19.00536826725771],[78.55621856989728,18.97713948715351],[78.54832029870508,18.94650888145617],[78.53699422333793,18.94602161907154],[78.52549946854732,18.95097400897013],[78.50827957400881,18.97248825853653],[78.49087145828892,18.97305667539899],[78.47730593423057,18.95823101537713],[78.45692978303931,18.95569252785728],[78.45257174764714,18.96426006798346],[78.440639037423,18.96680608675925],[78.42637644111046,18.97717743988173],[78.4172092004386,18.99968455143928],[78.40887328516008,19.0040288552578],[78.3712063047448,18.99622366557528],[78.33619860035199,18.96619361110378],[78.29377899560015,18.94437867090853],[78.28523957544763,18.94276435377605],[78.27805155187404,18.94821780544909],[78.27882299954612,18.99025026711509],[78.24874685310714,19.01473350506919],[78.23941067297697,19.01616786561916],[78.22723703784888,19.00813099961661],[78.20168675922213,19.00085129407771],[78.16731880539534,18.99783049869604],[78.16069301029789,18.97959704717867],[78.14694609850991,18.96571098776753],[78.13029032068711,18.96088392221138],[78.11528203952763,18.9622663086301],[78.09596439377964,18.9439734978447],[78.08092391820657,18.94077198489615],[78.05777379999911,18.94233545368307],[78.04669477435885,18.93600388891297],[78.03757437959048,18.87736297125009],[78.02806390998069,18.87673375917929],[78.01503386126149,18.88451902689902],[77.98630037417826,18.88056426765537],[77.96807108260812,18.8723814614313],[77.94840955356109,18.84468308574773],[77.93458966441713,18.84645674712692],[77.93675329758715,18.85329867502283],[77.92868765589259,18.8551322681015],[77.9296448786266,18.86025184077857],[77.90294973846684,18.86742553007954],[77.90371862948092,18.88239068776453],[77.89126523570486,18.88258355667243],[77.88514532398165,18.90575784431207],[77.87376335929953,18.90899305456784],[77.87288395823549,18.90559418747584],[77.85717364350361,18.90391092891368],[77.84309177737518,18.90988356776057],[77.8581902042651,18.95024384282278],[77.84087966935783,18.95082807644463],[77.83200986756103,18.94306267127993],[77.81584960032716,18.94843860846622],[77.82139843583079,18.97966736145047],[77.79061077836373,18.98360106468856],[77.78731865556952,18.97363687520001],[77.77105905018313,18.9799559202743],[77.7747060489503,19.00082772025834],[77.7700396608848,19.02260834092366],[77.76190856452745,19.03320442906643],[77.76493282253425,19.06285385553964],[77.77535011639428,19.0562209519925],[77.8003466883379,19.0507179788043],[77.79691621516328,19.0727861778193],[77.80187063880645,19.07658773935002],[77.80672446988328,19.10250676427988],[77.81765082139928,19.10558711171399],[77.83138711253709,19.08627622241259],[77.85051142280098,19.08875115130131],[77.84632401741231,19.10150786497728],[77.8477826446271,19.11619799266378],[77.84167717686888,19.11829875808546],[77.83418099841931,19.13450006422902],[77.8526492077395,19.15486796965993],[77.85276358785912,19.16700813484759],[77.86061067967229,19.18054386845395],[77.8478378441617,19.18978297501513],[77.86611977038355,19.22658889384546],[77.87151640217668,19.25520797680896],[77.8901186685339,19.26107694893083],[77.90295711542204,19.25664742665922],[77.90767405019473,19.26841206105025],[77.90357078187121,19.2781442329079],[77.8656898003755,19.28400799820063],[77.86351382253677,19.30372968797554],[77.8901458258027,19.31348125623119],[77.89443492601315,19.32065329574382],[77.91165950067018,19.31644033951358],[77.92812751592886,19.3323894306659],[77.9383571762165,19.33429600636189],[77.942595125106,19.34262178201296],[77.95165620133595,19.34044051788824],[77.95377743453263,19.3397060120764],[77.96197216096104,19.33579401546841],[77.96693489278555,19.32683971374313],[77.9777436540763,19.32288775910768],[77.98507349768101,19.30993326688095],[78.01389197691819,19.29433110197931],[78.01485134081616,19.27909956590008],[78.0418277061636,19.2709781880163],[78.03615343139005,19.25081152793056],[78.040774411992,19.24410192236463],[78.05545909665037,19.23737446955257],[78.06442472939167,19.24786630212597],[78.07927402891303,19.25467487854175],[78.08236131265036,19.24304926693214],[78.08928737677395,19.23964629545604],[78.09700803794686,19.24429791166329],[78.1134720009517,19.24450540781259],[78.11704448150478,19.24862233752622],[78.14427201521791,19.2295347473592],[78.17540178969662,19.23762406808705],[78.17998205121184,19.24562445565216],[78.17692738147613,19.27865911374692],[78.1939779985645,19.31448954071438],[78.19242405848894,19.32607733076742]]]},"properties":{"ST_NAME":"Chhattisgarh","DIST_NAME":"Nirmal"}},{"type":"Feature","geometry":{"type":"Polygon","coordinates":[[[78.23941067297697,19.01616786561916],[78.24874685310714,19.01473350506919],[78.27882299954612,18.99025026711509],[78.27805155187404,18.94821780544909],[78.28523957544763,18.94276435377605],[78.29377899560015,18.94437867090853],[78.33619860035199,18.96619361110378],[78.3712063047448,18.99622366557528],[78.40887328516008,19.0040288552578],[78.4172092004386,18.99968455143928],[78.42637644111046,18.97717743988173],[78.440639037423,18.96680608675925],[78.45257174764714,18.96426006798346],[78.45692978303931,18.95569252785728],[78.47730593423057,18.95823101537713],[78.49087145828892,18.97305667539899],[78.50827957400881,18.97248825853653],[78.52549946854732,18.95097400897013],[78.53699422333793,18.94602161907154],[78.53665250815573,18.94230213035584],[78.52841584393894,18.94292165723641],[78.525953919061,18.93897795548848],[78.52805379266836,18.93035801424511],[78.52006223924006,18.92323404857374],[78.5189542699363,18.90070012513852],[78.51420170104764,18.89252535654924],[78.5361538119187,18.88449857569768],[78.54339602273257,18.85983544052691],[78.53738526791238,18.84423345579047],[78.5401167964844,18.84575354542188],[78.54817606431583,18.83067244490227],[78.54169805034212,18.81532426989749],[78.55061513195993,18.81202141554418],[78.55255744019397,18.79129740720469],[78.56362679165619,18.77895685092803],[78.5543360337962,18.76510533624176],[78.55747994268528,18.75603541146759],[78.55074557454624,18.75085654015812],[78.55233688259597,18.74296682492335],[78.57125861835502,18.7384850473433],[78.58171884567618,18.72306227022695],[78.62312150694744,18.72890381800651],[78.63736081164812,18.72326613479016],[78.64062102845116,18.71746287253221],[78.64083798640755,18.7018653232801],[78.63282287006083,18.67396295659038],[78.63792578912351,18.67225400834589],[78.6528054960952,18.63868105420203],[78.66433220041748,18.63354350181065],[78.66991704645659,18.62333531824367],[78.65418120459132,18.59655350938956],[78.65746833578868,18.59309391285036],[78.64398943632206,18.59652067749034],[78.62382283863319,18.59069395404926],[78.61517711074828,18.59104660736627],[78.60046013376252,18.57500449904486],[78.59761511107506,18.55332029178764],[78.58757399299708,18.54923353672253],[78.56365721997733,18.55490116274039],[78.5596703205532,18.55237668945765],[78.56431546449477,18.5524860119293],[78.56950751978158,18.54384497830349],[78.54961336843843,18.52272808803556],[78.55176944561796,18.50406644353014],[78.5394752265074,18.49617244617054],[78.53150610434156,18.47872711770236],[78.53026010424168,18.46572117662219],[78.53420725232093,18.4626280224642],[78.50178011886757,18.44007432275243],[78.48604487204044,18.43701456501883],[78.46620790825695,18.45975246064113],[78.45759332447614,18.46177192278326],[78.44623784819747,18.47449397125003],[78.42996514247264,18.47056306850153],[78.4055986529291,18.48439823533433],[78.39944157010196,18.48203691524593],[78.38714705040013,18.4589880676041],[78.3542164380954,18.46552835509514],[78.34357984511851,18.46173966190416],[78.32607133008563,18.46307896782202],[78.30723188649416,18.45199665533398],[78.28664191979227,18.4599403764329],[78.26429750988213,18.45740369947085],[78.25084352080194,18.48687755747193],[78.20550213030465,18.49678907215127],[78.20454256139632,18.50156561137987],[78.19916778506739,18.50772076914296],[78.18734354462316,18.51039337560199],[78.17647465584697,18.5063466316963],[78.15927196276382,18.4898055791067],[78.14720578347904,18.48714551318763],[78.0714519576664,18.50489144005326],[78.06029212401336,18.50166793800889],[78.04310113870017,18.48681436435691],[78.0381788026512,18.53484596370723],[78.05065524587161,18.56920662180547],[78.0380301911837,18.58213733441734],[78.042938743532,18.60417186746517],[78.01472336584682,18.58374247062471],[78.001612353232,18.60297150235983],[77.99385696294394,18.62745174232915],[77.96255564842306,18.64375205997222],[77.9545768663912,18.61457139124264],[77.9324898046126,18.6004630854151],[77.91848986780215,18.59674530379839],[77.8997040276269,18.60392955200068],[77.8773116654994,18.62685445870683],[77.86536753633439,18.62878297901602],[77.83906003680784,18.62414686830151],[77.82979132853727,18.62764276821408],[77.80986614309475,18.64654733075682],[77.81130187113034,18.66102028711531],[77.80309765251421,18.66624649602992],[77.77651685303577,18.66729028350482],[77.75378972458934,18.65220737656755],[77.73113544149408,18.64426536894595],[77.73032298090082,18.6563027388758],[77.73582815855768,18.66120836904385],[77.73019370114963,18.66740775325243],[77.74937038586273,18.68287442611088],[77.75079017251923,18.69579486457619],[77.75967433356861,18.70686339700401],[77.77336130084106,18.7015643269708],[77.77213623401047,18.68915678117801],[77.78740797898325,18.68284980656443],[77.78988459121622,18.69535928921488],[77.79512443958025,18.69724567439495],[77.80430167692997,18.71338566692683],[77.80436659637124,18.7274494126865],[77.82763621365977,18.77087844817305],[77.83870450788996,18.80441535838747],[77.84437969197465,18.80734408099457],[77.85900390990143,18.80944936994714],[77.8711240173499,18.81935916940376],[77.88269886853419,18.8186640228115],[77.90658005256286,18.82780317817312],[77.94031979360165,18.8251976210222],[77.94784727952039,18.83074037484956],[77.94840955356109,18.84468308574773],[77.96807108260812,18.8723814614313],[77.98630037417826,18.88056426765537],[78.01503386126149,18.88451902689902],[78.02806390998069,18.87673375917929],[78.03757437959048,18.87736297125009],[78.04669477435885,18.93600388891297],[78.05777379999911,18.94233545368307],[78.08092391820657,18.94077198489615],[78.09596439377964,18.9439734978447],[78.11528203952763,18.9622663086301],[78.13029032068711,18.96088392221138],[78.14694609850991,18.96571098776753],[78.16069301029789,18.97959704717867],[78.16731880539534,18.99783049869604],[78.20168675922213,19.00085129407771],[78.22723703784888,19.00813099961661],[78.23941067297697,19.01616786561916]]]},"properties":{"ST_NAME":"Chhattisgarh","DIST_NAME":"Nizamabad"}},{"type":"Feature","geometry":{"type":"Polygon","coordinates":[[[77.8951914196136,18.15902291816054],[77.90352558270318,18.16837709907092],[77.9003347685664,18.17332350560501],[77.90380339743382,18.19259694351264],[77.8824036533109,18.18692486954153],[77.86877158013324,18.18939220587577],[77.86255804274141,18.19458913818952],[77.86513397816088,18.20242214903163],[77.85432409208869,18.2076881406018],[77.84891596151229,18.20197180050207],[77.82942906570972,18.20055351499178],[77.82709521100566,18.1941884942914],[77.81109370763676,18.19594827041066],[77.79668385601163,18.20492212120902],[77.78657498337257,18.19666384673335],[77.77994035173711,18.20006255986131],[77.77678562091884,18.19068649488176],[77.76970105314057,18.18836332191611],[77.7586022029616,18.20526271053286],[77.74206091070126,18.20561566202552],[77.743383026802,18.22481067007898],[77.73802875427086,18.22448848799812],[77.73639553750385,18.23521577421084],[77.72812926929562,18.23381484437472],[77.7290639623686,18.25310172178036],[77.71977252572479,18.26028075950831],[77.68753210850049,18.26021917883021],[77.68622232967745,18.26648407631883],[77.66471614033564,18.28363822426287],[77.64062098103132,18.28600416626503],[77.62547543760206,18.28393511060089],[77.61997831375501,18.27454769231791],[77.60042905051318,18.27567744776775],[77.60540471104939,18.28118105676291],[77.58186997954468,18.28524210711359],[77.57288361526554,18.29308681402378],[77.56163673026055,18.28459177913805],[77.55157971380223,18.29210481442259],[77.55340458521087,18.2982033002559],[77.57154066795482,18.30890394289332],[77.57063983452552,18.31817733157861],[77.55821372274669,18.33148376695566],[77.52594806697388,18.34221393394132],[77.52046675851693,18.35725724772248],[77.5257437543127,18.3727617527234],[77.53887791792867,18.38590305639188],[77.55187330770758,18.38889796859946],[77.55697156844147,18.41919363457652],[77.52851425342226,18.42888953552023],[77.52788215878607,18.4420748528759],[77.54146069310977,18.44456771071247],[77.564501968004,18.43722738782332],[77.56938945301226,18.44277441050616],[77.58561339175279,18.44667544809553],[77.58393318325712,18.45607785768997],[77.55112634209826,18.46031705985465],[77.54894233519119,18.46848366983982],[77.57321198612978,18.46968640265152],[77.57674518778654,18.48662464156325],[77.59260342449184,18.48454112830712],[77.59462387688679,18.47674280569289],[77.60345694295803,18.47667360720141],[77.60506030364193,18.49616567836312],[77.5947667470361,18.49600329690082],[77.58602943191508,18.5042090931548],[77.58787744947841,18.51307203715031],[77.59719706629535,18.5160989016976],[77.6004032848502,18.52251300356943],[77.59669184161804,18.53041524585647],[77.5908128803096,18.52687969558087],[77.59649498197228,18.54915436971244],[77.61019497231845,18.55009814879968],[77.61261943308973,18.54469466934617],[77.61531142100232,18.55106127849047],[77.62937742709447,18.55388751863611],[77.62774897174795,18.5483396372796],[77.63411970299963,18.54412873136967],[77.6397429417579,18.55515539469065],[77.64803313303997,18.55514304897374],[77.65219060688293,18.55200407796254],[77.64601805058743,18.53904828210614],[77.6559850649548,18.53110990407339],[77.68080443346574,18.54546653163076],[77.6884441589783,18.54516446387471],[77.7016764837184,18.55538625060637],[77.72337123323294,18.5535384202578],[77.73862325320671,18.55700113972062],[77.73976448501155,18.568842094005],[77.75046618594992,18.58943212143704],[77.74577844655163,18.62150648176105],[77.73113544149408,18.64426536894595],[77.75378972458934,18.65220737656755],[77.77651685303577,18.66729028350482],[77.80309765251421,18.66624649602992],[77.81130187113034,18.66102028711531],[77.80986614309475,18.64654733075682],[77.82979132853727,18.62764276821408],[77.83906003680784,18.62414686830151],[77.86536753633439,18.62878297901602],[77.8773116654994,18.62685445870683],[77.8997040276269,18.60392955200068],[77.91848986780215,18.59674530379839],[77.9324898046126,18.6004630854151],[77.9545768663912,18.61457139124264],[77.96255564842306,18.64375205997222],[77.99385696294394,18.62745174232915],[78.001612353232,18.60297150235983],[78.01472336584682,18.58374247062471],[78.042938743532,18.60417186746517],[78.0380301911837,18.58213733441734],[78.05065524587161,18.56920662180547],[78.0381788026512,18.53484596370723],[78.04310113870017,18.48681436435691],[78.06029212401336,18.50166793800889],[78.0714519576664,18.50489144005326],[78.14720578347904,18.48714551318763],[78.15927196276382,18.4898055791067],[78.17647465584697,18.5063466316963],[78.18734354462316,18.51039337560199],[78.19916778506739,18.50772076914296],[78.20454256139632,18.50156561137987],[78.20550213030465,18.49678907215127],[78.25084352080194,18.48687755747193],[78.26429750988213,18.45740369947085],[78.28664191979227,18.4599403764329],[78.30723188649416,18.45199665533398],[78.32607133008563,18.46307896782202],[78.34357984511851,18.46173966190416],[78.3542164380954,18.46552835509514],[78.38714705040013,18.4589880676041],[78.39944157010196,18.48203691524593],[78.4055986529291,18.48439823533433],[78.42996514247264,18.47056306850153],[78.44623784819747,18.47449397125003],[78.45759332447614,18.46177192278326],[78.46620790825695,18.45975246064113],[78.48604487204044,18.43701456501883],[78.50178011886757,18.44007432275243],[78.53420725232093,18.4626280224642],[78.54459234287738,18.45825788964155],[78.5541583274299,18.43105816696395],[78.54155159901994,18.42024844280221],[78.54193766022841,18.41243090955373],[78.56500518293026,18.39052624488814],[78.56302258392473,18.38571438266993],[78.53161191493474,18.38775979742384],[78.53345120247334,18.36076435865775],[78.54397539101485,18.35133026875264],[78.54957510563982,18.33642462326447],[78.5372931082611,18.31783592996474],[78.54125516204655,18.30007242689955],[78.53397820340703,18.29114885215062],[78.52395626834986,18.28812450459805],[78.521291124568,18.27895714356441],[78.53198299610716,18.27174424093662],[78.54041445420414,18.27343397854764],[78.54379193234553,18.26486527594661],[78.55286500634826,18.25910923952897],[78.56765050722149,18.22279725093782],[78.56126485992323,18.20734759593547],[78.56946516158746,18.19621505377749],[78.56696173048294,18.17792895489419],[78.54456220223575,18.18004404779495],[78.53684248003339,18.18695051282602],[78.5219735931566,18.18262358382426],[78.51592300466717,18.16664195217906],[78.50242748937855,18.17575283168226],[78.48386718342745,18.14856207868659],[78.48338781517607,18.14189540163477],[78.49161263098928,18.13277482750505],[78.47992309595857,18.12629243691497],[78.46739301783744,18.12534591599093],[78.45827874616617,18.12087562288662],[78.44164574783603,18.13033000602158],[78.44581927553385,18.14521642175723],[78.43319137025972,18.16316015197957],[78.42486005678921,18.15660304103795],[78.42146090620642,18.14147890568349],[78.41195893361534,18.13091871869109],[78.38975773489884,18.12903271267433],[78.38386134123888,18.12396259234567],[78.37517797485658,18.13529768439105],[78.37449354527007,18.14486832933602],[78.36327551281259,18.14701501544072],[78.36547585741219,18.15500518881175],[78.35790863227605,18.17207164497065],[78.33793631967916,18.18033462171414],[78.3327474886676,18.19629956021574],[78.31857518979075,18.20076212164344],[78.31278321856044,18.20258909850109],[78.3139061049591,18.17927672412411],[78.29780164350902,18.16214640601134],[78.27788931549226,18.1433790245092],[78.25705391618212,18.13982128333686],[78.24876092468017,18.1556553488119],[78.22744066527443,18.17552516813744],[78.21640551987674,18.17588640085914],[78.22160526644578,18.18325013444941],[78.21542305707518,18.21331688783142],[78.20700978062705,18.21699046376165],[78.19401419947403,18.2078150317855],[78.1798782296765,18.20507259553749],[78.1689316802433,18.16749444881588],[78.16962432283876,18.15305224202145],[78.18019225282674,18.1353281647057],[78.1766568590573,18.11893261188628],[78.17961321116053,18.09847173408766],[78.15389416986073,18.08568527441167],[78.14350980455042,18.06967039707511],[78.11692806920219,18.0724457878881],[78.11573870321291,18.08826096081423],[78.10747812449978,18.09366398309712],[78.10147923458392,18.09072331419629],[78.09696669868895,18.06979054585196],[78.09249278962315,18.06777947252638],[78.08573358385003,18.07216870014163],[78.08391414193105,18.06760194609716],[78.07398485625221,18.0714581067515],[78.0714653933794,18.06008929804913],[78.06799161700717,18.07010608602149],[78.05972905143119,18.07218677014879],[78.05565221174268,18.0796736560094],[78.05156536135729,18.07386962356549],[78.04413977489062,18.08008001499616],[78.04050502419837,18.07562775068693],[78.04508029191872,18.06800569831316],[78.0374081048444,18.07001043716962],[78.03480687947939,18.0646196523995],[78.02878234069381,18.07431247741294],[78.03309765566726,18.07729096983734],[78.02941214464373,18.08433501084473],[78.01982997432629,18.08238898748075],[78.01058780539576,18.09005604455215],[78.01564915827694,18.08001320438604],[78.01313903920922,18.07598039454911],[78.00472864752551,18.08809408725912],[77.99926127097733,18.08384200262264],[77.99521702077817,18.10720098920974],[77.9757780492098,18.11519842391046],[77.93980943596102,18.11196422893748],[77.92994107423088,18.09859400379861],[77.91113737118678,18.10017991662935],[77.89581636773893,18.09150483832408],[77.90200330143362,18.09754279709858],[77.89889565877043,18.09953452576082],[77.9081188837857,18.10010752278934],[77.90575383927462,18.10622156424327],[77.91421499679494,18.10114801078647],[77.91811316927884,18.10660598169471],[77.92697175992086,18.10438901099889],[77.92949632128632,18.11624761925442],[77.91873723236702,18.1135058209749],[77.90909769630842,18.12435901367393],[77.92360647854525,18.12813164944719],[77.92532046201005,18.13151614375047],[77.91920199053098,18.13666588197189],[77.92497893870966,18.14201092388468],[77.93059124482653,18.14047863598739],[77.92926373106832,18.14508595283509],[77.9356725640579,18.1492260330541],[77.92597530029013,18.15536993789332],[77.92055556457584,18.1508796277918],[77.92534648647691,18.14959874123079],[77.92316072045111,18.14757103519029],[77.91451013566865,18.14864623766655],[77.91442223337872,18.14138598786169],[77.91007765056294,18.14747998976552],[77.9027971924696,18.14458588774108],[77.90432168749646,18.15265310414522],[77.8951914196136,18.15902291816054]]]},"properties":{"ST_NAME":"Chhattisgarh","DIST_NAME":"Kamareddy"}},{"type":"Feature","geometry":{"type":"Polygon","coordinates":[[[78.80450885382822,18.8618035827059],[78.79290504338907,18.84624542016083],[78.7979514040161,18.81720355314835],[78.79050602427205,18.8114750120917],[78.78677874376505,18.79882688631585],[78.76009589873786,18.79878957376792],[78.74475115469804,18.78374224853292],[78.73278070860565,18.78301006373686],[78.67863352776298,18.79464018413772],[78.66724424111379,18.77261617678979],[78.64717024220204,18.77384424900934],[78.6433084146003,18.75872766101623],[78.63151621016341,18.75478797065948],[78.62402959280328,18.74426497609144],[78.62312150694744,18.72890381800651],[78.58171884567618,18.72306227022695],[78.57125861835502,18.7384850473433],[78.55233688259597,18.74296682492335],[78.55074557454624,18.75085654015812],[78.55747994268528,18.75603541146759],[78.5543360337962,18.76510533624176],[78.56362679165619,18.77895685092803],[78.55255744019397,18.79129740720469],[78.55061513195993,18.81202141554418],[78.54169805034212,18.81532426989749],[78.54817606431583,18.83067244490227],[78.5401167964844,18.84575354542188],[78.53738526791238,18.84423345579047],[78.54339602273257,18.85983544052691],[78.5361538119187,18.88449857569768],[78.51420170104764,18.89252535654924],[78.5189542699363,18.90070012513852],[78.52006223924006,18.92323404857374],[78.52805379266836,18.93035801424511],[78.525953919061,18.93897795548848],[78.52841584393894,18.94292165723641],[78.53665250815573,18.94230213035584],[78.53699422333793,18.94602161907154],[78.54832029870508,18.94650888145617],[78.55621856989728,18.97713948715351],[78.58846559649834,19.00536826725771],[78.60536734089695,18.98648894921671],[78.63635765527461,18.97793000105988],[78.66010446416576,19.00085357014461],[78.66556570221914,19.01485610954491],[78.70101633099847,19.03606872494191],[78.7501217293432,19.01383731863551],[78.75949102117839,19.01116538507741],[78.76997194708251,19.01422010315247],[78.76955317045888,19.02563425079982],[78.77596862764128,19.03535426775938],[78.79884999204894,19.04826597897971],[78.82133036135413,19.04906016664378],[78.8360934069596,19.06871515828426],[78.84521329778472,19.07036167125472],[78.91182832471463,19.03045151428676],[78.95233342104926,19.07680573940682],[79.01657246074177,19.07288683609209],[79.02429157720582,19.07492676521992],[79.03709595581934,19.06303453495276],[79.06594780311207,19.04955851257769],[79.07910836908427,19.03543683031111],[79.09058423686079,19.01024646515134],[79.0919936987516,18.9906117323468],[79.10414456171448,18.96939670716314],[79.10596493779137,18.94849381794056],[79.17928434503732,18.87182258409486],[79.23302111766323,18.86182142168585],[79.24861608187898,18.85368255032453],[79.27036848406952,18.82942333407923],[79.30847473062097,18.81605806384443],[79.29423174399022,18.76909754878248],[79.291505721552,18.74220993126325],[79.2973312790088,18.73605299443759],[79.31716910708,18.7402987598311],[79.31767705565545,18.71584492040734],[79.3308051770666,18.69660805452908],[79.30595099260263,18.68777515389841],[79.29917791559463,18.66761788899376],[79.2938695241439,18.66444779081999],[79.27950568656806,18.66436749988322],[79.26981489085229,18.67564788393296],[79.25504073820677,18.67673914138425],[79.24666553001329,18.64925355940718],[79.23093761993208,18.64093840195239],[79.2320499246259,18.62649318880423],[79.2082389467562,18.63043919426579],[79.19456805818494,18.62333026366092],[79.18561884720796,18.61153299307884],[79.17932005675388,18.639317085268],[79.15863552732831,18.63919018711644],[79.14662944024,18.65494395142914],[79.1147789672606,18.66510891063464],[79.10134395625025,18.67773694099684],[79.09267664248225,18.67052229915775],[79.08424606127211,18.65023067938161],[79.06312809526166,18.66020823871811],[79.0539302001951,18.65115706064254],[79.04631949445799,18.63313170276453],[79.04060682974256,18.63372622287592],[79.0332287106657,18.65006941174214],[79.02010233542954,18.65029384829606],[79.01961352744375,18.67036720961319],[79.01179996296364,18.66972644132124],[79.01128123711416,18.75235388225576],[78.98825791083043,18.74676984112421],[78.9517384162418,18.75360565364288],[78.9483553250943,18.73788513246864],[78.9232909514388,18.73004845326328],[78.91337289635547,18.73428715092362],[78.89608253736613,18.75830075072599],[78.88723352059178,18.75864011818698],[78.87889848343083,18.74640541929927],[78.8725070717602,18.74497850258962],[78.85758367502285,18.75724063297293],[78.8452509611916,18.76057811058833],[78.84493039046002,18.77595542643314],[78.83264228293064,18.80155592303486],[78.83073424474779,18.82459683278542],[78.84368603968927,18.86563165326856],[78.83785659702151,18.88737926049297],[78.82192520661278,18.88871893833462],[78.80450885382822,18.8618035827059]]]},"properties":{"ST_NAME":"Chhattisgarh","DIST_NAME":"Jagtial"}},{"type":"Feature","geometry":{"type":"Polygon","coordinates":[[[79.48770475094074,18.81036531108464],[79.50615795725702,18.7864823482308],[79.5318692713313,18.78634596721172],[79.54511026177896,18.77758951581225],[79.63339970316322,18.72928540836204],[79.64470502157154,18.71706703532197],[79.65155281834065,18.71540033395993],[79.66328455532025,18.69048287045602],[79.67751300133521,18.67423937807505],[79.69179485526286,18.67072052923392],[79.71322130543497,18.6852480408079],[79.74759821144264,18.6822559357284],[79.7692905080034,18.6966074431634],[79.78656240367422,18.69868525458346],[79.79418357764557,18.69505072101133],[79.82410840735683,18.72401819854109],[79.82583864312795,18.73515433278929],[79.8184316066967,18.74619732750338],[79.8193280848661,18.75720229059632],[79.84314542956413,18.78000605513955],[79.84878477200444,18.79561186266354],[79.82635573836737,18.82747710982272],[79.82735325206959,18.85449046832578],[79.83766090339124,18.86894840073571],[79.84303478101776,18.87105188097601],[79.85339300220869,18.86641828728376],[79.86677842193635,18.8369638830942],[79.87837542932594,18.82828887307793],[79.88971176350039,18.82552104831702],[79.9044635285003,18.82920812805797],[79.91543221865342,18.82541208623251],[79.92367479717248,18.80801233544051],[79.96296800209986,18.77465198454281],[80.0297539822084,18.75840548661876],[80.03978989304925,18.75088087979101],[80.05280836205961,18.72508899112879],[80.06463103317068,18.72329203348714],[80.07459635814456,18.71054675481392],[80.08851680337426,18.70730708452898],[80.11611129331548,18.68109487487757],[80.12324136709512,18.68078648355138],[80.1285651306724,18.68746402889584],[80.14847297446806,18.69311715801699],[80.15771768282434,18.70101048190704],[80.16863282784284,18.69973996664254],[80.17871359054173,18.68329874146351],[80.19657763357854,18.68082598027165],[80.2004371473822,18.6925904924577],[80.21163809659375,18.7052011649559],[80.21934250710773,18.70794952961359],[80.23040684431909,18.70183706041835],[80.25222543660185,18.70682240196651],[80.27105865727914,18.72306428885202],[80.27171125195443,18.72333573904528],[80.28360572400307,18.71754544728909],[80.30179125443658,18.69032419386305],[80.31867301872815,18.64218249396946],[80.32748459699935,18.63541390685258],[80.33420323745378,18.61341870458802],[80.34464484033367,18.59723527513029],[80.30433025822322,18.58799788866995],[80.26925492088667,18.58900143209274],[80.22951654994027,18.55329462838698],[80.22440823356409,18.42732887533328],[80.21672340714382,18.38952141776828],[80.17262379286987,18.34942895845892],[80.14246824315723,18.37952836416237],[80.15081689651508,18.41397237892713],[80.12363793767103,18.42591861108197],[80.09858785541756,18.43172834225978],[80.08106672329926,18.42135694727629],[80.07890274190166,18.39130091724729],[80.07422791199771,18.38834970465078],[80.05729132164278,18.40163077796558],[80.04232868165089,18.4043278241801],[80.02942684831561,18.40002519295591],[80.02633187773844,18.4030587016968],[80.02322579199019,18.40610347778462],[80.02590878738577,18.41625736467123],[80.02148691601784,18.41988877422599],[80.02983059679023,18.44240395092696],[80.04645098496464,18.42918854162097],[80.0758376314913,18.42718312561841],[80.10254676106642,18.4567892418289],[80.11434407437707,18.45746678021477],[80.11689308291953,18.46634069400744],[80.09182806686535,18.4677397001409],[80.08499759502651,18.47344616396187],[80.0515223348959,18.48144246314832],[80.06592688793951,18.48562913977997],[80.06679306446159,18.49425638103492],[80.07509136755858,18.50022771818655],[80.08042991026528,18.49914142353247],[80.07860309423833,18.50536468168868],[80.08494398514388,18.50977694364076],[80.08639354381809,18.51872613329026],[80.03814817539354,18.51672583800865],[79.98465781060618,18.5009009442448],[79.96230031066625,18.48275533578016],[79.95379703754361,18.49720022160071],[79.95819685339764,18.51224487618485],[79.94317295191605,18.50480407438954],[79.90639488171553,18.51549130257812],[79.90183035257607,18.52098919085867],[79.8790813076948,18.52479339544904],[79.87393865721526,18.51856494458498],[79.8784700986917,18.495049478968],[79.88707917896046,18.49067001647735],[79.89426711793074,18.46795908167079],[79.90498106589068,18.46854043548161],[79.90980726836902,18.46023169033315],[79.91841858979927,18.45914376245108],[79.92021015815041,18.45214494728457],[79.92585469261715,18.44995530383031],[79.92600587178309,18.44552816434576],[79.9209334446297,18.44608280187895],[79.91076140655971,18.41429067779341],[79.88147442167701,18.44717367726068],[79.87450989987101,18.4719504373037],[79.85506724977347,18.47505396718811],[79.85452988219087,18.48711698588146],[79.81692548188654,18.47814781830073],[79.81760427455741,18.47512267348057],[79.80000635934653,18.46906964015514],[79.82265749870797,18.42843755844279],[79.81878411267495,18.40988191212507],[79.810570782483,18.41277905423294],[79.81048333154325,18.41992187942584],[79.80497403549766,18.41599103579181],[79.78932090391434,18.43388672392084],[79.77328075625938,18.43419813290156],[79.75182113286708,18.46980874062035],[79.72921744833081,18.48851103591103],[79.68114579317438,18.49385242692779],[79.66885524210782,18.48008314550888],[79.65953667733406,18.47651281580439],[79.63979214252575,18.47531309253682],[79.62216100268114,18.48543044619564],[79.6120140593866,18.46365980639839],[79.60199648247344,18.47342287345776],[79.59450625530366,18.46987126197444],[79.58735197423474,18.46215093491342],[79.58776733277911,18.44529521998214],[79.56697597324118,18.42434348755307],[79.56905959923868,18.41633225470563],[79.57971924633826,18.4132386598004],[79.57717644566097,18.40450252885272],[79.56241162651808,18.40589769306442],[79.53282806709637,18.39219182389834],[79.50963908613775,18.39190528617219],[79.4869362944159,18.37973955956748],[79.47721036973246,18.37949095678259],[79.4433091996158,18.40859718536816],[79.3966078378536,18.42207497493225],[79.36234346460975,18.44123197322983],[79.35663785190904,18.44942250061854],[79.3105745524546,18.47602819880343],[79.28423281916741,18.4706412306468],[79.25626637385676,18.44992930246612],[79.24049334397715,18.44398658723469],[79.22397817260878,18.51433317061178],[79.21613600036376,18.52957918958044],[79.22798925139237,18.54530068787792],[79.22725512869363,18.56333980752838],[79.21078958877904,18.57465004459007],[79.18561884720796,18.61153299307884],[79.19456805818494,18.62333026366092],[79.2082389467562,18.63043919426579],[79.2320499246259,18.62649318880423],[79.23093761993208,18.64093840195239],[79.24666553001329,18.64925355940718],[79.25504073820677,18.67673914138425],[79.26981489085229,18.67564788393296],[79.27950568656806,18.66436749988322],[79.2938695241439,18.66444779081999],[79.29917791559463,18.66761788899376],[79.30595099260263,18.68777515389841],[79.3308051770666,18.69660805452908],[79.31767705565545,18.71584492040734],[79.31716910708,18.7402987598311],[79.2973312790088,18.73605299443759],[79.291505721552,18.74220993126325],[79.29423174399022,18.76909754878248],[79.30847473062097,18.81605806384443],[79.33801238919479,18.81552579774443],[79.35277666658534,18.81981902745883],[79.37369177340568,18.85173193731212],[79.39378350258819,18.85755105442259],[79.42692258538966,18.8516568246891],[79.48770475094074,18.81036531108464]]]},"properties":{"ST_NAME":"Chhattisgarh","DIST_NAME":"Peddapalli"}},{"type":"Feature","geometry":{"type":"Polygon","coordinates":[[[79.21613600036376,18.52957918958044],[79.22397817260878,18.51433317061178],[79.24049334397715,18.44398658723469],[79.25626637385676,18.44992930246612],[79.28423281916741,18.4706412306468],[79.3105745524546,18.47602819880343],[79.35663785190904,18.44942250061854],[79.36234346460975,18.44123197322983],[79.3966078378536,18.42207497493225],[79.4433091996158,18.40859718536816],[79.47721036973246,18.37949095678259],[79.4869362944159,18.37973955956748],[79.50963908613775,18.39190528617219],[79.53282806709637,18.39219182389834],[79.56241162651808,18.40589769306442],[79.57717644566097,18.40450252885272],[79.57569366268386,18.39074601901022],[79.5795168032524,18.38924838641417],[79.57471939434437,18.36991507255324],[79.57956527759663,18.35084969093801],[79.57391759392969,18.33121463532743],[79.57620205672956,18.30928597078344],[79.56407361969688,18.30909866774551],[79.55927152350901,18.30016576612004],[79.56240062217108,18.2987559244437],[79.56058177380214,18.28753625158866],[79.56715386787843,18.28005955105872],[79.56290187050405,18.26319003590616],[79.58171484842146,18.25657976688666],[79.57974120968346,18.23956650788106],[79.59717597701008,18.21584975005111],[79.59852437428538,18.19841636318529],[79.61319033897546,18.18830024447546],[79.61091673902702,18.18303006263209],[79.60843645140656,18.18475029925702],[79.60199297670196,18.1486941488186],[79.6015048801975,18.14170315392884],[79.58322306426247,18.14204149561824],[79.57274569987575,18.13468334096806],[79.58073180837444,18.12103353183388],[79.56895135259671,18.12156381309022],[79.56119765996688,18.12111585834026],[79.55200770690793,18.09991559432181],[79.51947856233949,18.10002667952314],[79.50981249698233,18.10573567334963],[79.50260227862323,18.09626098863344],[79.48828396736066,18.09809398138084],[79.4673219446292,18.11367262117449],[79.46839941150346,18.10646428533438],[79.45536032319093,18.08699349363989],[79.45389626687462,18.07601148746675],[79.444647843611,18.06601891763604],[79.4348254656401,18.06372006022364],[79.4233614092296,18.05093059073559],[79.38291749933177,18.03088556616715],[79.36769941954124,18.01538888233609],[79.36388435709208,18.0200736625637],[79.33858095604215,18.02577737847932],[79.32574266513731,18.02003180758068],[79.30030281510945,18.02462758280634],[79.29358687229143,18.01127962548519],[79.2821138564307,18.00111753681728],[79.26152027336849,18.0030515182389],[79.26304302892005,17.98367163386713],[79.23439460554917,17.98595240078782],[79.22867297572466,17.98778120509113],[79.23286601326986,17.99450483790172],[79.19224815608507,18.00161090690083],[79.18461989877501,17.9938085303109],[79.15348178474906,17.99200060439184],[79.14447910336791,18.00348421753894],[79.12316570753174,18.00473177601141],[79.10800822363359,18.01264385867979],[79.11038514552183,18.02735710932974],[79.1075159647032,18.04222666123324],[79.09854859034705,18.04677841356026],[79.11058570653138,18.06504838518148],[79.12669175894163,18.07562383961099],[79.09824017527282,18.0847497584887],[79.08581606599513,18.08547735398253],[79.08423745339235,18.08023735299879],[79.07007713435742,18.08582510527637],[79.04921150668004,18.08213184443854],[79.02517914978688,18.09378152845266],[79.03246903089914,18.10232020795838],[79.0319681032943,18.12195775561984],[79.03596678401189,18.12124861809272],[79.00456941972497,18.14029142032423],[79.01181181542276,18.14886516955157],[79.0142685750331,18.16648496583263],[79.00744612949335,18.17883802960177],[79.01226990761467,18.18366646140335],[79.0068628595983,18.19919965120187],[78.97629818225279,18.20986527448356],[78.95458081500536,18.20781545287043],[78.95042246168137,18.23773446400361],[78.95768567164168,18.24987668404827],[78.95430913704301,18.25339051201788],[78.91455677773469,18.2556267497518],[78.89141276392786,18.2447701925348],[78.89009757622775,18.23912064532995],[78.86900901749452,18.24036039010856],[78.85577192726821,18.23468144693354],[78.84578345715171,18.24696805924602],[78.82842661543978,18.25310820770929],[78.83481029465382,18.27410914793439],[78.85301761902033,18.28881817838121],[78.87015281624821,18.29297436590832],[78.86889065074125,18.30791487011251],[78.87716406158857,18.32257073895212],[78.87462106393028,18.35246122619948],[78.87818908367025,18.38384018837204],[78.85659745617933,18.40773538358201],[78.87944431586685,18.41520262259902],[78.92112434473654,18.41187588701413],[78.91571915318536,18.43354210439259],[78.93179217699002,18.44190542394813],[78.91573329405234,18.45450578525931],[78.91167672107457,18.47286207967896],[78.8954480035663,18.48330943076385],[78.9090865761145,18.56058735635145],[78.88459921938465,18.59177828516843],[78.84344395016346,18.59507477722283],[78.83247068036042,18.60703033437579],[78.790554598916,18.61824044913804],[78.78885240119017,18.62588075006124],[78.79031909260401,18.63413717808899],[78.80729020526461,18.64707828138985],[78.81257426958686,18.6578238305362],[78.81165178914527,18.67391772650128],[78.80352846153703,18.68171034183149],[78.8020500362107,18.69617635523287],[78.8096294582712,18.70720988579105],[78.83087126041788,18.71541751986755],[78.8452509611916,18.76057811058833],[78.85758367502285,18.75724063297293],[78.8725070717602,18.74497850258962],[78.87889848343083,18.74640541929927],[78.88723352059178,18.75864011818698],[78.89608253736613,18.75830075072599],[78.91337289635547,18.73428715092362],[78.9232909514388,18.73004845326328],[78.9483553250943,18.73788513246864],[78.9517384162418,18.75360565364288],[78.98825791083043,18.74676984112421],[79.01128123711416,18.75235388225576],[79.01179996296364,18.66972644132124],[79.01961352744375,18.67036720961319],[79.02010233542954,18.65029384829606],[79.0332287106657,18.65006941174214],[79.04060682974256,18.63372622287592],[79.04631949445799,18.63313170276453],[79.0539302001951,18.65115706064254],[79.06312809526166,18.66020823871811],[79.08424606127211,18.65023067938161],[79.09267664248225,18.67052229915775],[79.10134395625025,18.67773694099684],[79.1147789672606,18.66510891063464],[79.14662944024,18.65494395142914],[79.15863552732831,18.63919018711644],[79.17932005675388,18.639317085268],[79.18561884720796,18.61153299307884],[79.21078958877904,18.57465004459007],[79.22725512869363,18.56333980752838],[79.22798925139237,18.54530068787792],[79.21613600036376,18.52957918958044]]]},"properties":{"ST_NAME":"Chhattisgarh","DIST_NAME":"Karimnagar"}},{"type":"Feature","geometry":{"type":"Polygon","coordinates":[[[78.8452509611916,18.76057811058833],[78.83087126041788,18.71541751986755],[78.8096294582712,18.70720988579105],[78.8020500362107,18.69617635523287],[78.80352846153703,18.68171034183149],[78.81165178914527,18.67391772650128],[78.81257426958686,18.6578238305362],[78.80729020526461,18.64707828138985],[78.79031909260401,18.63413717808899],[78.78885240119017,18.62588075006124],[78.790554598916,18.61824044913804],[78.83247068036042,18.60703033437579],[78.84344395016346,18.59507477722283],[78.88459921938465,18.59177828516843],[78.9090865761145,18.56058735635145],[78.8954480035663,18.48330943076385],[78.91167672107457,18.47286207967896],[78.91573329405234,18.45450578525931],[78.93179217699002,18.44190542394813],[78.91571915318536,18.43354210439259],[78.92112434473654,18.41187588701413],[78.87944431586685,18.41520262259902],[78.85659745617933,18.40773538358201],[78.87818908367025,18.38384018837204],[78.87462106393028,18.35246122619948],[78.87716406158857,18.32257073895212],[78.86889065074125,18.30791487011251],[78.87015281624821,18.29297436590832],[78.85301761902033,18.28881817838121],[78.83481029465382,18.27410914793439],[78.82842661543978,18.25310820770929],[78.79275731058347,18.25367067463911],[78.76913821052284,18.26276292219762],[78.7500100078054,18.22121541964128],[78.73453450162788,18.21467721930591],[78.7233859144399,18.21552447710011],[78.72737342942693,18.22103995036265],[78.72489401565669,18.2285795529409],[78.70268399551061,18.23478828685005],[78.69005916668841,18.22987268816961],[78.67016592004711,18.24162446479761],[78.66337503452468,18.24105012665928],[78.6401932370368,18.25671213286231],[78.63214798705343,18.25469075130571],[78.62769428909091,18.24653634646134],[78.58858673767395,18.24867771833121],[78.57491140699092,18.2236632196218],[78.56765050722149,18.22279725093782],[78.55286500634826,18.25910923952897],[78.54379193234553,18.26486527594661],[78.54041445420414,18.27343397854764],[78.53198299610716,18.27174424093662],[78.521291124568,18.27895714356441],[78.52395626834986,18.28812450459805],[78.53397820340703,18.29114885215062],[78.54125516204655,18.30007242689955],[78.5372931082611,18.31783592996474],[78.54957510563982,18.33642462326447],[78.54397539101485,18.35133026875264],[78.53345120247334,18.36076435865775],[78.53161191493474,18.38775979742384],[78.56302258392473,18.38571438266993],[78.56500518293026,18.39052624488814],[78.54193766022841,18.41243090955373],[78.54155159901994,18.42024844280221],[78.5541583274299,18.43105816696395],[78.54459234287738,18.45825788964155],[78.53420725232093,18.4626280224642],[78.53026010424168,18.46572117662219],[78.53150610434156,18.47872711770236],[78.5394752265074,18.49617244617054],[78.55176944561796,18.50406644353014],[78.54961336843843,18.52272808803556],[78.56950751978158,18.54384497830349],[78.56431546449477,18.5524860119293],[78.5596703205532,18.55237668945765],[78.56365721997733,18.55490116274039],[78.58757399299708,18.54923353672253],[78.59761511107506,18.55332029178764],[78.60046013376252,18.57500449904486],[78.61517711074828,18.59104660736627],[78.62382283863319,18.59069395404926],[78.64398943632206,18.59652067749034],[78.65746833578868,18.59309391285036],[78.65418120459132,18.59655350938956],[78.66991704645659,18.62333531824367],[78.66433220041748,18.63354350181065],[78.6528054960952,18.63868105420203],[78.63792578912351,18.67225400834589],[78.63282287006083,18.67396295659038],[78.64083798640755,18.7018653232801],[78.64062102845116,18.71746287253221],[78.63736081164812,18.72326613479016],[78.62312150694744,18.72890381800651],[78.62402959280328,18.74426497609144],[78.63151621016341,18.75478797065948],[78.6433084146003,18.75872766101623],[78.64717024220204,18.77384424900934],[78.66724424111379,18.77261617678979],[78.67863352776298,18.79464018413772],[78.73278070860565,18.78301006373686],[78.74475115469804,18.78374224853292],[78.76009589873786,18.79878957376792],[78.78677874376505,18.79882688631585],[78.79050602427205,18.8114750120917],[78.7979514040161,18.81720355314835],[78.79290504338907,18.84624542016083],[78.80450885382822,18.8618035827059],[78.82192520661278,18.88871893833462],[78.83785659702151,18.88737926049297],[78.84368603968927,18.86563165326856],[78.83073424474779,18.82459683278542],[78.83264228293064,18.80155592303486],[78.84493039046002,18.77595542643314],[78.8452509611916,18.76057811058833]]]},"properties":{"ST_NAME":"Chhattisgarh","DIST_NAME":"Rajanna Sircilla"}},{"type":"Feature","geometry":{"type":"Polygon","coordinates":[[[78.82842661543978,18.25310820770929],[78.84578345715171,18.24696805924602],[78.85577192726821,18.23468144693354],[78.86900901749452,18.24036039010856],[78.89009757622775,18.23912064532995],[78.89141276392786,18.2447701925348],[78.91455677773469,18.2556267497518],[78.95430913704301,18.25339051201788],[78.95768567164168,18.24987668404827],[78.95042246168137,18.23773446400361],[78.95458081500536,18.20781545287043],[78.97629818225279,18.20986527448356],[79.0068628595983,18.19919965120187],[79.01226990761467,18.18366646140335],[79.00744612949335,18.17883802960177],[79.0142685750331,18.16648496583263],[79.01181181542276,18.14886516955157],[79.00456941972497,18.14029142032423],[79.03596678401189,18.12124861809272],[79.0319681032943,18.12195775561984],[79.03246903089914,18.10232020795838],[79.02517914978688,18.09378152845266],[79.04921150668004,18.08213184443854],[79.07007713435742,18.08582510527637],[79.08423745339235,18.08023735299879],[79.08581606599513,18.08547735398253],[79.09824017527282,18.0847497584887],[79.12669175894163,18.07562383961099],[79.11058570653138,18.06504838518148],[79.09854859034705,18.04677841356026],[79.1075159647032,18.04222666123324],[79.11038514552183,18.02735710932974],[79.10317934701715,18.02150188185984],[79.08925552452624,18.02772112817105],[79.07377768580358,18.01083734771199],[79.05785438957037,18.02041255062614],[79.05214121719064,18.0328439455271],[79.0411174602395,18.03169796354517],[79.03233053343718,18.02215986341214],[79.0243858618194,18.02449186039853],[79.02453568603516,18.01835613274094],[79.01390201855016,18.00328629001517],[78.9850601442679,18.01556225737887],[78.98515387140382,18.02352727989914],[78.97196514289317,18.03317933859837],[78.96338351052555,18.03653555744262],[78.95639500908783,18.03011704664211],[78.94728578225819,18.0389345728465],[78.9278221444888,18.03603825091798],[78.91142908409144,18.02683223647052],[78.8715754786218,18.03069243080266],[78.85648737161206,18.03541213481951],[78.84211257507324,18.04788464556404],[78.83099014320702,18.03912389395238],[78.82270769881764,18.03815345270727],[78.79441125381169,18.05114771344781],[78.75310994289708,18.02069498338496],[78.74470151188565,18.01285643186544],[78.71414949352898,18.00643732087251],[78.71456031025807,17.96172368325528],[78.70165315331309,17.96301734147538],[78.67921042940638,17.92649167567492],[78.6693629504688,17.88912754708142],[78.69465396349548,17.89810906355119],[78.70220033831461,17.89356143093243],[78.70179841650449,17.88592067764884],[78.6856234032105,17.88443077116805],[78.66091879208652,17.86604918775995],[78.64752778130357,17.8668386364306],[78.6427173481984,17.87893416539835],[78.63755504633795,17.87832470225198],[78.62986512498141,17.86049673536046],[78.60885897637286,17.85111408735538],[78.59830799408427,17.82191520702881],[78.57807306151976,17.82573481600171],[78.55974502850047,17.82034876486859],[78.55454560723655,17.82588297989999],[78.55664334787991,17.83310959172658],[78.56696254617349,17.83955464994609],[78.56494390612525,17.84794192865115],[78.56932643379399,17.85577878077335],[78.58515671488853,17.86830319939496],[78.58273440527601,17.88660731019606],[78.57813429685557,17.88642816261217],[78.57099368604565,17.87551935276457],[78.55604760723278,17.87158622688406],[78.50858812467158,17.88262799181558],[78.48413436726531,17.87595911992481],[78.47745293826416,17.91462545387359],[78.49162617750906,17.91611691082843],[78.49155579509355,17.92291690545195],[78.47751749989487,17.93098735703648],[78.45016889784017,17.93192380654088],[78.44461892244307,17.93679608603807],[78.43863658102697,17.96631777317683],[78.44114569076548,17.97908590629916],[78.44956186043466,17.98953419181127],[78.43912153883839,18.00290204547606],[78.43883036173477,18.0151470838063],[78.4100058508767,18.02028927971709],[78.40478156850017,18.02722029541335],[78.40573994035509,18.03692111492179],[78.42871474977996,18.04666049290617],[78.44774739076838,18.04530334184155],[78.4648178014258,18.06406224546845],[78.47281458989026,18.05175808148062],[78.47121927021945,18.04139592286772],[78.46341340714686,18.03594352991259],[78.46627818280732,18.01706016536315],[78.48455550558388,18.01320833139086],[78.50317491637877,18.01930409308578],[78.53050762604866,18.046917461609],[78.55861867433495,18.04435234375869],[78.57315964177923,18.05281835745981],[78.5808209305011,18.09746697485441],[78.55632047000381,18.10208124566099],[78.54834861861607,18.11224232693261],[78.55464755136228,18.1295806722355],[78.57006398203953,18.14813364483435],[78.58652927913899,18.15849439054193],[78.58252936828782,18.16860125853758],[78.56696173048294,18.17792895489419],[78.56946516158746,18.19621505377749],[78.56126485992323,18.20734759593547],[78.56765050722149,18.22279725093782],[78.57491140699092,18.2236632196218],[78.58858673767395,18.24867771833121],[78.62769428909091,18.24653634646134],[78.63214798705343,18.25469075130571],[78.6401932370368,18.25671213286231],[78.66337503452468,18.24105012665928],[78.67016592004711,18.24162446479761],[78.69005916668841,18.22987268816961],[78.70268399551061,18.23478828685005],[78.72489401565669,18.2285795529409],[78.72737342942693,18.22103995036265],[78.7233859144399,18.21552447710011],[78.73453450162788,18.21467721930591],[78.7500100078054,18.22121541964128],[78.76913821052284,18.26276292219762],[78.79275731058347,18.25367067463911],[78.82842661543978,18.25310820770929]]]},"properties":{"ST_NAME":"Chhattisgarh","DIST_NAME":"Siddipet"}},{"type":"Feature","geometry":{"type":"Polygon","coordinates":[[[78.56696173048294,18.17792895489419],[78.58252936828782,18.16860125853758],[78.58652927913899,18.15849439054193],[78.57006398203953,18.14813364483435],[78.55464755136228,18.1295806722355],[78.54834861861607,18.11224232693261],[78.55632047000381,18.10208124566099],[78.5808209305011,18.09746697485441],[78.57315964177923,18.05281835745981],[78.55861867433495,18.04435234375869],[78.53050762604866,18.046917461609],[78.50317491637877,18.01930409308578],[78.48455550558388,18.01320833139086],[78.46627818280732,18.01706016536315],[78.46341340714686,18.03594352991259],[78.47121927021945,18.04139592286772],[78.47281458989026,18.05175808148062],[78.4648178014258,18.06406224546845],[78.44774739076838,18.04530334184155],[78.42871474977996,18.04666049290617],[78.40573994035509,18.03692111492179],[78.40478156850017,18.02722029541335],[78.4100058508767,18.02028927971709],[78.43883036173477,18.0151470838063],[78.43912153883839,18.00290204547606],[78.44956186043466,17.98953419181127],[78.44114569076548,17.97908590629916],[78.43863658102697,17.96631777317683],[78.44461892244307,17.93679608603807],[78.45016889784017,17.93192380654088],[78.47751749989487,17.93098735703648],[78.49155579509355,17.92291690545195],[78.49162617750906,17.91611691082843],[78.47745293826416,17.91462545387359],[78.48413436726531,17.87595911992481],[78.50858812467158,17.88262799181558],[78.55604760723278,17.87158622688406],[78.57099368604565,17.87551935276457],[78.57813429685557,17.88642816261217],[78.58273440527601,17.88660731019606],[78.58515671488853,17.86830319939496],[78.56932643379399,17.85577878077335],[78.56494390612525,17.84794192865115],[78.56696254617349,17.83955464994609],[78.55664334787991,17.83310959172658],[78.55454560723655,17.82588297989999],[78.55974502850047,17.82034876486859],[78.57807306151976,17.82573481600171],[78.59830799408427,17.82191520702881],[78.60885897637286,17.85111408735538],[78.62986512498141,17.86049673536046],[78.63755504633795,17.87832470225198],[78.6427173481984,17.87893416539835],[78.64752778130357,17.8668386364306],[78.66091879208652,17.86604918775995],[78.6856234032105,17.88443077116805],[78.70179841650449,17.88592067764884],[78.70220033831461,17.89356143093243],[78.69465396349548,17.89810906355119],[78.6693629504688,17.88912754708142],[78.67921042940638,17.92649167567492],[78.70165315331309,17.96301734147538],[78.71456031025807,17.96172368325528],[78.71414949352898,18.00643732087251],[78.74470151188565,18.01285643186544],[78.75310994289708,18.02069498338496],[78.79441125381169,18.05114771344781],[78.82270769881764,18.03815345270727],[78.83099014320702,18.03912389395238],[78.84211257507324,18.04788464556404],[78.85648737161206,18.03541213481951],[78.8715754786218,18.03069243080266],[78.91142908409144,18.02683223647052],[78.9278221444888,18.03603825091798],[78.94728578225819,18.0389345728465],[78.95639500908783,18.03011704664211],[78.95329092312255,18.01138083137446],[78.94392933980909,17.99751369070894],[78.92736715699492,17.99830438911239],[78.9065627718449,17.96053832529131],[78.88023942743499,17.96436075755597],[78.86792998213127,17.9492744174503],[78.8642214651091,17.92918972511567],[78.85243116100463,17.9196113060163],[78.85127402425316,17.90565763431727],[78.84472275404836,17.90653808903029],[78.84023453491395,17.8958265328305],[78.82760904206097,17.89427725358631],[78.83133947466392,17.87867069082604],[78.85451024468749,17.86942186973926],[78.86761811780043,17.86896616026621],[78.86558273908429,17.85837017710496],[78.8771659291608,17.83959472630263],[78.8783980824468,17.82645805901759],[78.86769779650577,17.82539648099832],[78.86816711877515,17.80862860122313],[78.86973398368063,17.78521203091548],[78.85919522118422,17.74986500929664],[78.84077432112824,17.75237838723276],[78.82740495945824,17.73971631936153],[78.82165007331604,17.73964807664055],[78.82337951201356,17.7299518296834],[78.81565081675762,17.72262700151748],[78.81551313871562,17.70236945972012],[78.80043435557886,17.70946369299705],[78.78197903860546,17.71144295713608],[78.78854784322161,17.70206192753933],[78.77671841445165,17.69192204018545],[78.74541115658872,17.68365773379367],[78.73816302059744,17.67304146758351],[78.72392808322597,17.66821221025916],[78.71813003395359,17.66950293302846],[78.70535113795653,17.6863713144522],[78.68541155849643,17.68842071488074],[78.68603544700713,17.69333112461504],[78.6696565303198,17.69838511081998],[78.65926969474532,17.69743227663974],[78.6503218627676,17.67662729058686],[78.63422718132442,17.6691985134046],[78.61701664082575,17.67242918504788],[78.61408964678199,17.68009726894348],[78.59274988787725,17.69702694512302],[78.57529753274197,17.69575636280894],[78.57410038879777,17.68519913528075],[78.5617259613114,17.68418729482652],[78.53605199116241,17.6967272142968],[78.52164103188522,17.69652987074493],[78.51905466085502,17.70234217378234],[78.50896336959156,17.68406182802436],[78.49651464232728,17.68574692646354],[78.49438573081899,17.69512259568846],[78.47157084890237,17.69030293524269],[78.45989748972066,17.69805815200418],[78.45797651086224,17.70550739952133],[78.44865667185576,17.70817229525598],[78.39827634414182,17.69769765377902],[78.36517089572358,17.74498496077489],[78.35403155803307,17.75194640883417],[78.33410714623537,17.74900957565583],[78.31811739376253,17.73806527687304],[78.31326958341822,17.72276704059202],[78.32812699059006,17.71193529016359],[78.3356147377616,17.70030356440168],[78.33806474473765,17.67280283660157],[78.35234247904536,17.66117076571774],[78.35418505259962,17.65226226020983],[78.33346403939098,17.64981653027489],[78.31733189771865,17.63550416251411],[78.30879167979074,17.63636976817958],[78.29551021831274,17.64551741774091],[78.27891522017791,17.63901849096941],[78.23935716481944,17.639168729437],[78.23172442444006,17.65054902263068],[78.22248379562248,17.6547430205476],[78.19707792632242,17.63790699742723],[78.18427290044761,17.63625082850438],[78.15138111486868,17.65833638086162],[78.13278521089845,17.66364360085735],[78.11221579569539,17.65066848010184],[78.10442785276216,17.65903534155853],[78.08692634595134,17.65754953235392],[78.07376891312092,17.66720697955089],[78.05950517069023,17.66139800000186],[78.05677321088095,17.65573623484552],[78.03487739594391,17.68321557037679],[78.01297492361357,17.69374069949151],[77.9873794394078,17.71484406292819],[77.97790426021501,17.71782799334266],[77.95217272723086,17.71442581457221],[77.9368556805571,17.72438976476408],[77.88007939877753,17.70526205661153],[77.87858077108358,17.69554827866693],[77.90189155547083,17.69140188939907],[77.90563720845377,17.68638593669659],[77.89152821378443,17.67450730495547],[77.88382715741558,17.64749498080214],[77.8682632370116,17.62479697640689],[77.85975331679619,17.62301902795675],[77.85516267429483,17.64362015772194],[77.85033958258758,17.64448505151912],[77.8269708956598,17.64672538771592],[77.82291607292811,17.63228201364825],[77.81602061385068,17.62674468465845],[77.7999209863762,17.62520838590367],[77.78808677691386,17.63831772833247],[77.78362942332674,17.63897557945024],[77.77426176635197,17.64456867026796],[77.77121541987742,17.68527636928087],[77.78104035042709,17.69095779068135],[77.79846314266679,17.72030934602821],[77.79841438805417,17.75959055688281],[77.78611464010567,17.76880940961569],[77.76829635603873,17.77075492305412],[77.76594947690906,17.81205669620058],[77.74723548337987,17.79900228568466],[77.73779532600295,17.7992203720348],[77.72928527066783,17.80833091022597],[77.71712510657424,17.81244454299937],[77.71730328502596,17.82458042298879],[77.71224215741456,17.82878473769013],[77.7047152420493,17.82385106642788],[77.7021823045466,17.83918513420307],[77.68422386059429,17.85063337476586],[77.66968211752457,17.85414764505535],[77.66989835805182,17.86526583645494],[77.6859987021054,17.87142284773185],[77.70444866511508,17.89335653955517],[77.70368139161702,17.90575647301468],[77.71643855730252,17.91670152533967],[77.74945651189826,17.91086715552799],[77.76714260499867,17.91735584272929],[77.79086838619988,17.89175868397058],[77.8177175722091,17.8793306082204],[77.82214635831782,17.8918599062051],[77.8194416426667,17.90818610618776],[77.81338917741273,17.91567933397501],[77.7964716434161,17.92018871465074],[77.78887258494714,17.93367412768109],[77.79734485336986,17.94559904963984],[77.82019008123869,17.95849661008272],[77.81786047223498,17.96476814765182],[77.81024243179213,17.96429008976411],[77.8245222467515,17.98873652353484],[77.85218908863423,18.01233282515683],[77.86671398095423,17.99834484822268],[77.89398442774774,18.00084698839989],[77.89023703888822,17.99140153719526],[77.87397321496982,17.98013064973453],[77.88466115118302,17.96344866148965],[77.8945308933814,17.9600226781095],[77.90008714435606,17.95234103307474],[77.91275660584182,17.97477218276304],[77.9360539779656,17.98967131025523],[77.93946506494707,17.99778015322995],[77.973105513697,17.9848289203195],[77.97803390948357,18.00176424183402],[77.97713079374934,18.03286515913949],[77.96550148546298,18.04990006145525],[77.96560946412694,18.05613838490512],[77.97711801755138,18.05966046334804],[77.99262895789029,18.05293006580535],[77.99330305954503,18.07236994294252],[77.99926127097733,18.08384200262264],[78.00472864752551,18.08809408725912],[78.01313903920922,18.07598039454911],[78.01564915827694,18.08001320438604],[78.01058780539576,18.09005604455215],[78.01982997432629,18.08238898748075],[78.02941214464373,18.08433501084473],[78.03309765566726,18.07729096983734],[78.02878234069381,18.07431247741294],[78.03480687947939,18.0646196523995],[78.0374081048444,18.07001043716962],[78.04508029191872,18.06800569831316],[78.04050502419837,18.07562775068693],[78.04413977489062,18.08008001499616],[78.05156536135729,18.07386962356549],[78.05565221174268,18.0796736560094],[78.05972905143119,18.07218677014879],[78.06799161700717,18.07010608602149],[78.0714653933794,18.06008929804913],[78.07398485625221,18.0714581067515],[78.08391414193105,18.06760194609716],[78.08573358385003,18.07216870014163],[78.09249278962315,18.06777947252638],[78.09696669868895,18.06979054585196],[78.10147923458392,18.09072331419629],[78.10747812449978,18.09366398309712],[78.11573870321291,18.08826096081423],[78.11692806920219,18.0724457878881],[78.14350980455042,18.06967039707511],[78.15389416986073,18.08568527441167],[78.17961321116053,18.09847173408766],[78.1766568590573,18.11893261188628],[78.18019225282674,18.1353281647057],[78.16962432283876,18.15305224202145],[78.1689316802433,18.16749444881588],[78.1798782296765,18.20507259553749],[78.19401419947403,18.2078150317855],[78.20700978062705,18.21699046376165],[78.21542305707518,18.21331688783142],[78.22160526644578,18.18325013444941],[78.21640551987674,18.17588640085914],[78.22744066527443,18.17552516813744],[78.24876092468017,18.1556553488119],[78.25705391618212,18.13982128333686],[78.27788931549226,18.1433790245092],[78.29780164350902,18.16214640601134],[78.3139061049591,18.17927672412411],[78.31278321856044,18.20258909850109],[78.31857518979075,18.20076212164344],[78.3327474886676,18.19629956021574],[78.33793631967916,18.18033462171414],[78.35790863227605,18.17207164497065],[78.36547585741219,18.15500518881175],[78.36327551281259,18.14701501544072],[78.37449354527007,18.14486832933602],[78.37517797485658,18.13529768439105],[78.38386134123888,18.12396259234567],[78.38975773489884,18.12903271267433],[78.41195893361534,18.13091871869109],[78.42146090620642,18.14147890568349],[78.42486005678921,18.15660304103795],[78.43319137025972,18.16316015197957],[78.44581927553385,18.14521642175723],[78.44164574783603,18.13033000602158],[78.45827874616617,18.12087562288662],[78.46739301783744,18.12534591599093],[78.47992309595857,18.12629243691497],[78.49161263098928,18.13277482750505],[78.48338781517607,18.14189540163477],[78.48386718342745,18.14856207868659],[78.50242748937855,18.17575283168226],[78.51592300466717,18.16664195217906],[78.5219735931566,18.18262358382426],[78.53684248003339,18.18695051282602],[78.54456220223575,18.18004404779495],[78.56696173048294,18.17792895489419]]]},"properties":{"ST_NAME":"Chhattisgarh","DIST_NAME":"Medak"}},{"type":"Feature","geometry":{"type":"MultiPolygon","coordinates":[[[[77.8951914196136,18.15902291816054],[77.90432168749646,18.15265310414522],[77.9027971924696,18.14458588774108],[77.91007765056294,18.14747998976552],[77.91442223337872,18.14138598786169],[77.91451013566865,18.14864623766655],[77.92316072045111,18.14757103519029],[77.92534648647691,18.14959874123079],[77.92055556457584,18.1508796277918],[77.92597530029013,18.15536993789332],[77.9356725640579,18.1492260330541],[77.92926373106832,18.14508595283509],[77.93059124482653,18.14047863598739],[77.92497893870966,18.14201092388468],[77.91920199053098,18.13666588197189],[77.92532046201005,18.13151614375047],[77.92360647854525,18.12813164944719],[77.90909769630842,18.12435901367393],[77.91873723236702,18.1135058209749],[77.92949632128632,18.11624761925442],[77.92697175992086,18.10438901099889],[77.91811316927884,18.10660598169471],[77.91421499679494,18.10114801078647],[77.90575383927462,18.10622156424327],[77.9081188837857,18.10010752278934],[77.89889565877043,18.09953452576082],[77.90200330143362,18.09754279709858],[77.89581636773893,18.09150483832408],[77.91113737118678,18.10017991662935],[77.92994107423088,18.09859400379861],[77.93980943596102,18.11196422893748],[77.9757780492098,18.11519842391046],[77.99521702077817,18.10720098920974],[77.99926127097733,18.08384200262264],[77.99330305954503,18.07236994294252],[77.99262895789029,18.05293006580535],[77.97711801755138,18.05966046334804],[77.96560946412694,18.05613838490512],[77.96550148546298,18.04990006145525],[77.97713079374934,18.03286515913949],[77.97803390948357,18.00176424183402],[77.973105513697,17.9848289203195],[77.93946506494707,17.99778015322995],[77.9360539779656,17.98967131025523],[77.91275660584182,17.97477218276304],[77.90008714435606,17.95234103307474],[77.8945308933814,17.9600226781095],[77.88466115118302,17.96344866148965],[77.87397321496982,17.98013064973453],[77.89023703888822,17.99140153719526],[77.89398442774774,18.00084698839989],[77.86671398095423,17.99834484822268],[77.85218908863423,18.01233282515683],[77.8245222467515,17.98873652353484],[77.81024243179213,17.96429008976411],[77.81786047223498,17.96476814765182],[77.82019008123869,17.95849661008272],[77.79734485336986,17.94559904963984],[77.78887258494714,17.93367412768109],[77.7964716434161,17.92018871465074],[77.81338917741273,17.91567933397501],[77.8194416426667,17.90818610618776],[77.82214635831782,17.8918599062051],[77.8177175722091,17.8793306082204],[77.79086838619988,17.89175868397058],[77.76714260499867,17.91735584272929],[77.74945651189826,17.91086715552799],[77.71643855730252,17.91670152533967],[77.70368139161702,17.90575647301468],[77.70444866511508,17.89335653955517],[77.6859987021054,17.87142284773185],[77.66989835805182,17.86526583645494],[77.66968211752457,17.85414764505535],[77.68422386059429,17.85063337476586],[77.7021823045466,17.83918513420307],[77.7047152420493,17.82385106642788],[77.71224215741456,17.82878473769013],[77.71730328502596,17.82458042298879],[77.71712510657424,17.81244454299937],[77.72928527066783,17.80833091022597],[77.73779532600295,17.7992203720348],[77.74723548337987,17.79900228568466],[77.76594947690906,17.81205669620058],[77.76829635603873,17.77075492305412],[77.78611464010567,17.76880940961569],[77.79841438805417,17.75959055688281],[77.79846314266679,17.72030934602821],[77.78104035042709,17.69095779068135],[77.77121541987742,17.68527636928087],[77.77426176635197,17.64456867026796],[77.78362942332674,17.63897557945024],[77.77635812592635,17.62708332887652],[77.74653041096091,17.62451681514343],[77.74968835351655,17.61378538081939],[77.76753584167231,17.61288868186799],[77.77428365208307,17.60126169189985],[77.77003476198972,17.5843532362539],[77.76160416644214,17.57944060885124],[77.7614363618489,17.55826159364405],[77.70956072963114,17.52602855042734],[77.69066578151524,17.52653654948263],[77.68772765468846,17.51181563759867],[77.6754972885481,17.50861678793901],[77.66868325420428,17.51160632442185],[77.66205243118529,17.52282247030118],[77.62800157836043,17.52363518245993],[77.61210379839791,17.53476090249161],[77.59694482449392,17.53430688979952],[77.5938468718438,17.56451610286457],[77.55060223342473,17.55174006939791],[77.5374824906598,17.57544768067304],[77.52842873571363,17.57537145901281],[77.50694076426255,17.54229087723434],[77.50007249627434,17.54673841843719],[77.50047472361825,17.55620653235371],[77.49411521903109,17.56835598202818],[77.47801637843976,17.56665141179608],[77.46186222610872,17.58075185026493],[77.44309528612924,17.58404765826723],[77.4448148168766,17.60941046125347],[77.44878023692206,17.60934443787815],[77.45580963216541,17.63249119891477],[77.44827277594915,17.65112909240804],[77.45487418730579,17.67448654040013],[77.45248411514481,17.69471159095204],[77.46762775587608,17.70324375508975],[77.48429536379582,17.70586734304581],[77.48500045028553,17.70940958774476],[77.49241210204546,17.70838843981716],[77.49739891315014,17.71595145377018],[77.50929133574448,17.71653886765054],[77.52185692261604,17.72616795240852],[77.54602345492108,17.7272107634064],[77.54875304289781,17.73600981079939],[77.55683340081592,17.73761775842811],[77.56867107810693,17.74914695602261],[77.5691968436426,17.76649306169092],[77.55490496488815,17.76397389745095],[77.53756187090258,17.77993691479705],[77.53444375884379,17.77763314373993],[77.50638731277019,17.7853220774189],[77.51499192252179,17.80545335609487],[77.52908361508345,17.81293645867149],[77.5282766049551,17.82790092230923],[77.5467518330057,17.82848697778081],[77.54905644317468,17.8196270621101],[77.55417534031342,17.8203170847488],[77.56749309346364,17.84542092836159],[77.5649008454525,17.85118916814286],[77.56937927618202,17.85156254744892],[77.57005359776998,17.8676464886306],[77.57645357626186,17.87541848548577],[77.59922571052748,17.87332858707146],[77.60042576820263,17.88060120236677],[77.58604585824078,17.89384406698368],[77.58639201602763,17.90861157339467],[77.61909648769495,17.90405647435791],[77.62204958524323,17.92956902897942],[77.61873415775808,17.9394880430415],[77.62299966826541,17.94551732685149],[77.63256543308485,17.94666693650474],[77.63293657971808,17.9557985514428],[77.62459624823515,17.95959648029901],[77.63306325559822,17.96737689232207],[77.63726656886452,17.95232255428808],[77.64955144480041,17.95023374316551],[77.65590659250196,17.96883711727788],[77.64826274980253,17.98025248532185],[77.6520877213817,17.99389250251864],[77.64894923675341,17.9988715528948],[77.62783548840638,17.99677860069759],[77.6197088536477,18.00648699907998],[77.60751934023632,18.00984996950964],[77.60639115531623,18.01968868968961],[77.58835261013532,18.01213527389551],[77.58059245582074,18.03144812202552],[77.55395474480397,18.03581090640025],[77.54860570219326,18.06541529769715],[77.55746643664637,18.06383853715557],[77.56562063945249,18.0762928967021],[77.59682112844692,18.08653436005157],[77.60123001257045,18.10352131409128],[77.59462671471626,18.1312414785071],[77.59692952765573,18.15575648104167],[77.58122582231613,18.16286338701935],[77.57098313281752,18.19102423476912],[77.56340806783669,18.19632963158288],[77.56564041458425,18.20412824489216],[77.57500940998582,18.2018851760814],[77.58549682180225,18.21999843066088],[77.57193150534567,18.24428765507067],[77.58312932559122,18.26066569606657],[77.59486018549846,18.26517127902249],[77.60042905051318,18.27567744776775],[77.61997831375501,18.27454769231791],[77.62547543760206,18.28393511060089],[77.64062098103132,18.28600416626503],[77.66471614033564,18.28363822426287],[77.68622232967745,18.26648407631883],[77.68753210850049,18.26021917883021],[77.71977252572479,18.26028075950831],[77.7290639623686,18.25310172178036],[77.72812926929562,18.23381484437472],[77.73639553750385,18.23521577421084],[77.73802875427086,18.22448848799812],[77.743383026802,18.22481067007898],[77.74206091070126,18.20561566202552],[77.7586022029616,18.20526271053286],[77.76970105314057,18.18836332191611],[77.77678562091884,18.19068649488176],[77.77994035173711,18.20006255986131],[77.78657498337257,18.19666384673335],[77.79668385601163,18.20492212120902],[77.81109370763676,18.19594827041066],[77.82709521100566,18.1941884942914],[77.82942906570972,18.20055351499178],[77.84891596151229,18.20197180050207],[77.85432409208869,18.2076881406018],[77.86513397816088,18.20242214903163],[77.86255804274141,18.19458913818952],[77.86877158013324,18.18939220587577],[77.8824036533109,18.18692486954153],[77.90380339743382,18.19259694351264],[77.9003347685664,18.17332350560501],[77.90352558270318,18.16837709907092],[77.8951914196136,18.15902291816054]]],[[[78.15138111486868,17.65833638086162],[78.18427290044761,17.63625082850438],[78.19707792632242,17.63790699742723],[78.22248379562248,17.6547430205476],[78.23172442444006,17.65054902263068],[78.23935716481944,17.639168729437],[78.27891522017791,17.63901849096941],[78.29551021831274,17.64551741774091],[78.30879167979074,17.63636976817958],[78.31733189771865,17.63550416251411],[78.33346403939098,17.64981653027489],[78.35418505259962,17.65226226020983],[78.35234247904536,17.66117076571774],[78.33806474473765,17.67280283660157],[78.3356147377616,17.70030356440168],[78.32812699059006,17.71193529016359],[78.31326958341822,17.72276704059202],[78.31811739376253,17.73806527687304],[78.33410714623537,17.74900957565583],[78.35403155803307,17.75194640883417],[78.36517089572358,17.74498496077489],[78.39827634414182,17.69769765377902],[78.44865667185576,17.70817229525598],[78.44578683376537,17.69842872780688],[78.43067617659423,17.68671722235413],[78.4212416906223,17.67182350077117],[78.4099991250759,17.67010828815182],[78.39539471805732,17.67618525229393],[78.38128896421321,17.64264996092231],[78.38708149563239,17.63808311468715],[78.39066169266773,17.62162077067346],[78.37151198516682,17.61503315352091],[78.38747795943394,17.60624545972848],[78.38902964015107,17.59456921807728],[78.3837979672302,17.59578721389478],[78.37732611694827,17.56340702396441],[78.3630988077761,17.56835153389246],[78.35521874688314,17.56226429480544],[78.36152645629194,17.54995374825579],[78.34862972639628,17.53550633705759],[78.35145299832993,17.52890186347537],[78.34700550559674,17.52185325871021],[78.3370753918507,17.50399495881393],[78.3075758014247,17.51023808089209],[78.3177221521565,17.49528705488487],[78.30813568035678,17.49013408492677],[78.29778158273773,17.49116591511795],[78.30168362921547,17.4614125031636],[78.29352947152479,17.45220408548539],[78.28800515190265,17.43166103159402],[78.27550349012725,17.43503983625406],[78.26430534161548,17.42821203404794],[78.23580699528442,17.42923743032552],[78.22733190039142,17.43915551936685],[78.2178891871682,17.43824830943376],[78.21395996532817,17.48622632354737],[78.20449814338548,17.48992189106292],[78.19189288713578,17.4877266045901],[78.19083639167926,17.47745589402985],[78.16603708797517,17.46359673952124],[78.14545937671672,17.47137589195272],[78.14326958243355,17.4854043159845],[78.13196286478406,17.48995361964736],[78.11799649144459,17.48267104599963],[78.1105208384701,17.48451236850784],[78.10977290032326,17.49172004926324],[78.08379225672641,17.49864130753306],[78.08186208919486,17.51665128306587],[78.0701257786069,17.51873418489555],[78.06626084331053,17.50775900811596],[78.0574781211728,17.50929019226142],[78.05814199852955,17.50469558849925],[78.06525591241896,17.50210510338798],[78.0635997026529,17.48562785354294],[78.05243044378187,17.48324722381871],[78.0494076810752,17.4767296001928],[78.06175888939595,17.47193881196092],[78.06452439034331,17.4583347935115],[78.06973199909909,17.45549171154618],[78.06315877862129,17.44886007789487],[78.0478088827319,17.45126511819478],[78.04084784838261,17.45902020203761],[78.04151695639051,17.47104482966516],[78.02193987620139,17.46548409214979],[78.0035186283335,17.47604327952391],[78.00039534013194,17.4833311457254],[78.00736528953088,17.49608010056304],[77.99112480046627,17.50716957316951],[77.98093529079203,17.48397879554787],[77.96464588422839,17.48444888763999],[77.9660862821683,17.50495467902738],[77.97427852501926,17.51875166094003],[77.96309096820318,17.53415931183174],[77.9367769911463,17.5391544902538],[77.94029780776148,17.55117460601445],[77.93390599263456,17.56101839265392],[77.93662603578551,17.56779566848957],[77.89740619140112,17.58240186263101],[77.87286498199163,17.5828340713458],[77.86881921184276,17.59705268658839],[77.87503897426986,17.60326460568706],[77.86759409591245,17.61106236275064],[77.86754317260863,17.61983212008793],[77.85293098419817,17.60868809100017],[77.85603420866724,17.61319334994137],[77.8516665389355,17.61715439072219],[77.82291607292811,17.63228201364825],[77.8269708956598,17.64672538771592],[77.85033958258758,17.64448505151912],[77.85516267429483,17.64362015772194],[77.85975331679619,17.62301902795675],[77.8682632370116,17.62479697640689],[77.88382715741558,17.64749498080214],[77.89152821378443,17.67450730495547],[77.90563720845377,17.68638593669659],[77.90189155547083,17.69140188939907],[77.87858077108358,17.69554827866693],[77.88007939877753,17.70526205661153],[77.9368556805571,17.72438976476408],[77.95217272723086,17.71442581457221],[77.97790426021501,17.71782799334266],[77.9873794394078,17.71484406292819],[78.01297492361357,17.69374069949151],[78.03487739594391,17.68321557037679],[78.05677321088095,17.65573623484552],[78.05950517069023,17.66139800000186],[78.07376891312092,17.66720697955089],[78.08692634595134,17.65754953235392],[78.10442785276216,17.65903534155853],[78.11221579569539,17.65066848010184],[78.13278521089845,17.66364360085735],[78.15138111486868,17.65833638086162]]]]},"properties":{"ST_NAME":"Chhattisgarh","DIST_NAME":"Sangareddy"}},{"type":"Feature","geometry":{"type":"Polygon","coordinates":[[[78.45797651086224,17.70550739952133],[78.45989748972066,17.69805815200418],[78.47157084890237,17.69030293524269],[78.49438573081899,17.69512259568846],[78.49651464232728,17.68574692646354],[78.50896336959156,17.68406182802436],[78.51905466085502,17.70234217378234],[78.52164103188522,17.69652987074493],[78.53605199116241,17.6967272142968],[78.5617259613114,17.68418729482652],[78.57410038879777,17.68519913528075],[78.57529753274197,17.69575636280894],[78.59274988787725,17.69702694512302],[78.61408964678199,17.68009726894348],[78.61701664082575,17.67242918504788],[78.63422718132442,17.6691985134046],[78.6503218627676,17.67662729058686],[78.65926969474532,17.69743227663974],[78.6696565303198,17.69838511081998],[78.68603544700713,17.69333112461504],[78.68541155849643,17.68842071488074],[78.70535113795653,17.6863713144522],[78.71813003395359,17.66950293302846],[78.72392808322597,17.66821221025916],[78.71141827806962,17.65218513974503],[78.71133018909966,17.6401042654873],[78.69635050101259,17.63753140928595],[78.70116509618296,17.63181159600964],[78.68539167126045,17.62191337505595],[78.7019676016059,17.61156421566528],[78.68665088988121,17.59516421586217],[78.69315500194611,17.5923747111221],[78.69139661238715,17.58460660866473],[78.6765661480162,17.5760851947916],[78.68909275328116,17.562419884215],[78.70558124461044,17.5576975870681],[78.69496238950622,17.55143815730582],[78.70051040578836,17.53530690299692],[78.71185194378592,17.52138744575215],[78.70735420784047,17.50556041650961],[78.70963316356041,17.47600723188542],[78.71699886087706,17.46852898425267],[78.7195871002575,17.4719367936264],[78.7514755661603,17.47133656836598],[78.76033741171214,17.4602018127058],[78.75088004400784,17.440472154867],[78.75960440930564,17.4271794488019],[78.75565709272733,17.41127383962767],[78.74869527884992,17.40142832321007],[78.74177812950755,17.40145110315211],[78.73567199118959,17.37656567909729],[78.67520288989965,17.38756758421773],[78.65489110788018,17.37190750297263],[78.64526006460962,17.37182369874865],[78.62461654792547,17.36400455451197],[78.59786109020295,17.34356193660672],[78.5619780094589,17.34466047177376],[78.5604216817694,17.35219927008017],[78.57411985361907,17.36172653362634],[78.56871790041589,17.37003770721788],[78.55006581426304,17.36862477633822],[78.53301727946385,17.35470394943423],[78.53234633111629,17.35716401032597],[78.52524395243952,17.36234038937279],[78.52714558519934,17.37634852442276],[78.53204049904105,17.37713860690583],[78.52866430038685,17.38020670893464],[78.5304051977848,17.39683294455298],[78.52249217155129,17.39899801551975],[78.52315284537197,17.40390986899949],[78.51850890002366,17.4065357296669],[78.55185567866847,17.41102001861438],[78.54259478822487,17.41873315251947],[78.55187155252878,17.42831037840045],[78.55006331127844,17.44304658671289],[78.54964822149844,17.44314100588178],[78.530828826923,17.44335201186306],[78.50994226310635,17.44984944211314],[78.49886140848307,17.4602546335467],[78.5059096533411,17.46908963109709],[78.50160221542649,17.47124362427392],[78.50157772666259,17.48721954059917],[78.49542304511534,17.48802412907687],[78.49310322060849,17.4659172079553],[78.48727620364582,17.45768102828566],[78.4773577298753,17.45794925081273],[78.47995389032899,17.46457417377052],[78.47767615809838,17.46848321474375],[78.47330873835608,17.46656245112179],[78.4711120962051,17.46529945265887],[78.47223404296184,17.44767553199445],[78.47832053955234,17.44273853344335],[78.4690436433442,17.43318606537547],[78.46208202218358,17.43091180097225],[78.46060945597526,17.43659481687815],[78.44586307522067,17.43891152325657],[78.42205917477774,17.44264788432388],[78.40165394924647,17.43833632127334],[78.40200874262403,17.42500281769945],[78.3936052085917,17.41849408961468],[78.36523996573882,17.43870937020533],[78.36599518438835,17.50629526714195],[78.34700550559674,17.52185325871021],[78.35145299832993,17.52890186347537],[78.34862972639628,17.53550633705759],[78.36152645629194,17.54995374825579],[78.35521874688314,17.56226429480544],[78.3630988077761,17.56835153389246],[78.37732611694827,17.56340702396441],[78.3837979672302,17.59578721389478],[78.38902964015107,17.59456921807728],[78.38747795943394,17.60624545972848],[78.37151198516682,17.61503315352091],[78.39066169266773,17.62162077067346],[78.38708149563239,17.63808311468715],[78.38128896421321,17.64264996092231],[78.39539471805732,17.67618525229393],[78.4099991250759,17.67010828815182],[78.4212416906223,17.67182350077117],[78.43067617659423,17.68671722235413],[78.44578683376537,17.69842872780688],[78.44865667185576,17.70817229525598],[78.45797651086224,17.70550739952133]]]},"properties":{"ST_NAME":"Chhattisgarh","DIST_NAME":"Medchal–Malkajgiri"}},{"type":"Feature","geometry":{"type":"Polygon","coordinates":[[[78.64526006460962,17.37182369874865],[78.65489110788018,17.37190750297263],[78.67520288989965,17.38756758421773],[78.73567199118959,17.37656567909729],[78.73010856728841,17.3596472709478],[78.73207366156495,17.35369433429392],[78.71402326843517,17.35876228277438],[78.7062799182382,17.34713077535969],[78.71359648609204,17.3341835075752],[78.72092905229078,17.33128706994358],[78.71929325235483,17.32837070873182],[78.73139713113275,17.32619741025601],[78.75302265104392,17.32999380016157],[78.75750194232924,17.3150854984243],[78.76221936921009,17.30397681990316],[78.74113733388896,17.29603139399596],[78.7517589663321,17.28345461772707],[78.75340120468339,17.26162627981443],[78.7780429780528,17.24603170725989],[78.8066360605116,17.24073316427878],[78.82039136670754,17.22858970710478],[78.8166431380825,17.22563831646935],[78.81628176507841,17.21239637959161],[78.79797772966292,17.2030490499535],[78.75928652265425,17.21425929639566],[78.77267668118134,17.18918475500434],[78.78097785653277,17.18662003326654],[78.78933677693968,17.16513857880985],[78.78511585292587,17.15938905459544],[78.77763953418072,17.16247543736467],[78.77372996627848,17.15562029732394],[78.78548086113543,17.13759256670876],[78.83356581802347,17.11283922085897],[78.83343565203596,17.10374902040331],[78.81922087813416,17.10929399493079],[78.81543719113166,17.09650461363059],[78.82794669422707,17.09225718370625],[78.84428069119576,17.06876666858209],[78.83611787928781,17.05553090711402],[78.83752591319738,17.04136617771603],[78.833978487878,17.03669436480032],[78.821986885198,17.03064516293457],[78.79207006821021,17.03981305520729],[78.77722147860665,17.03271255809997],[78.82474715641324,17.01717402560301],[78.8227450294464,17.00601568656514],[78.81557888856692,17.00039579397116],[78.79936069755433,16.99988184269335],[78.78960914290913,16.97664556709009],[78.75683504782056,16.98495998588506],[78.75312961850484,16.98204917242869],[78.75663473247482,16.96983343363791],[78.73188974707483,16.97358231254892],[78.70734679898274,16.96787587431147],[78.70221978072001,16.9648380481624],[78.7039394204172,16.95007883612486],[78.69598782449523,16.93590138896341],[78.69059678644042,16.93205675913446],[78.6824510375716,16.93349174153696],[78.65071729083589,16.9591845305078],[78.61477539276339,16.96507478410121],[78.5843512042614,16.95496575719525],[78.56772192298652,16.96589211616245],[78.56251006551983,16.9777592764343],[78.55783063860238,16.9863184598261],[78.52394579197481,16.99353709451307],[78.49406472272973,17.0184512517007],[78.48962186182928,17.00420471532516],[78.47966938800808,16.99451704112564],[78.45945439579414,16.98476276281317],[78.4608547603369,16.99240914858858],[78.45559671602389,16.99409494986789],[78.45649199286721,16.99891070396668],[78.42174073466907,17.01423791048859],[78.40607300958536,17.01439508089763],[78.38378817402027,16.95351889465076],[78.3531446329842,16.9093567706482],[78.3256829419104,16.89078768300007],[78.30280303073336,16.89351405237441],[78.29445647312858,16.8900821822291],[78.28088803665297,16.86240546817011],[78.25866072439355,16.86158571782205],[78.22691601693536,16.87146774119792],[78.20411302300163,16.90169458144678],[78.21535169892933,16.91872692238214],[78.21427271129363,16.92481706967479],[78.1924042522198,16.93658537991648],[78.18124488292507,16.93682522628386],[78.17181871144747,16.94924798010981],[78.1719451390994,16.95445125785433],[78.18899895335694,16.97233606799263],[78.18614936753298,16.97910924597369],[78.12608742180481,17.00096293779662],[78.11958979210408,16.9998058196744],[78.11160622164799,16.98414128434982],[78.07698373252613,16.9715855932831],[78.05999618525635,16.99445200899615],[78.03402192359174,16.98391218686837],[78.0058058778364,16.99843285982956],[77.99298835995612,16.9944399550025],[77.97828163459698,17.00441836294342],[77.9783799248508,17.01036199006032],[77.95368171297339,17.01468292983589],[77.94839084649001,17.01713011239881],[77.95085045699443,17.0206143432455],[77.93505611067344,17.02831201011836],[77.93232525124226,17.04825456043491],[77.9228590829119,17.05208375992431],[77.92341524989494,17.06494809594362],[77.94912855538806,17.07583476743717],[77.94930191794114,17.08097813114559],[77.93394200586091,17.08561887595274],[77.95432381629927,17.09582700321973],[77.95426668775055,17.0994926942309],[77.99012591668087,17.10362238658795],[77.99177884552844,17.12850623138097],[77.99879794541675,17.13386240587709],[78.00409549629475,17.14772743112495],[78.01144928083933,17.14791301592081],[78.01616710226033,17.16576627941932],[78.0421658611365,17.1672126752806],[78.04538078119472,17.18805417154042],[78.06609659879942,17.18470496699792],[78.06812062082976,17.22192961848654],[78.07354132196419,17.23996010232295],[78.04301352824733,17.31217036773032],[78.04077416150034,17.35563256702002],[78.03253598300353,17.35904112786965],[78.02108599270454,17.37289894676099],[78.0153513498907,17.40361876237432],[78.00233129368007,17.43275984537362],[78.00411177561465,17.44285997149599],[78.01921249322343,17.45539933367547],[78.02193987620139,17.46548409214979],[78.04151695639051,17.47104482966516],[78.04084784838261,17.45902020203761],[78.0478088827319,17.45126511819478],[78.06315877862129,17.44886007789487],[78.06973199909909,17.45549171154618],[78.06452439034331,17.4583347935115],[78.06175888939595,17.47193881196092],[78.0494076810752,17.4767296001928],[78.05243044378187,17.48324722381871],[78.0635997026529,17.48562785354294],[78.06525591241896,17.50210510338798],[78.05814199852955,17.50469558849925],[78.0574781211728,17.50929019226142],[78.06626084331053,17.50775900811596],[78.0701257786069,17.51873418489555],[78.08186208919486,17.51665128306587],[78.08379225672641,17.49864130753306],[78.10977290032326,17.49172004926324],[78.1105208384701,17.48451236850784],[78.11799649144459,17.48267104599963],[78.13196286478406,17.48995361964736],[78.14326958243355,17.4854043159845],[78.14545937671672,17.47137589195272],[78.16603708797517,17.46359673952124],[78.19083639167926,17.47745589402985],[78.19189288713578,17.4877266045901],[78.20449814338548,17.48992189106292],[78.21395996532817,17.48622632354737],[78.2178891871682,17.43824830943376],[78.22733190039142,17.43915551936685],[78.23580699528442,17.42923743032552],[78.26430534161548,17.42821203404794],[78.27550349012725,17.43503983625406],[78.28800515190265,17.43166103159402],[78.29352947152479,17.45220408548539],[78.30168362921547,17.4614125031636],[78.29778158273773,17.49116591511795],[78.30813568035678,17.49013408492677],[78.3177221521565,17.49528705488487],[78.3075758014247,17.51023808089209],[78.3370753918507,17.50399495881393],[78.34700550559674,17.52185325871021],[78.36599518438835,17.50629526714195],[78.36523996573882,17.43870937020533],[78.3936052085917,17.41849408961468],[78.38528735141598,17.40680217455335],[78.39327454248414,17.4050927055319],[78.40017504437277,17.39447599499279],[78.39262592285505,17.39150066726457],[78.38422492406373,17.38490251511489],[78.38235738325056,17.39388071723387],[78.38043629451154,17.38676202565668],[78.37837984785877,17.38755609491978],[78.3782346192124,17.38109145426723],[78.37333576791298,17.37486885085968],[78.4152111870266,17.36924764041713],[78.43551867232338,17.37263427128697],[78.43989419588274,17.36795219337801],[78.4374663401294,17.36150917452282],[78.45560161428277,17.35628243452723],[78.45047711578141,17.33557504997519],[78.46321133361255,17.32841978175805],[78.467325107882,17.31938492341747],[78.47196732666558,17.30838728230137],[78.49342713261451,17.31776476384723],[78.50596037677882,17.31422163221322],[78.5097382484722,17.30824191548659],[78.51085817659695,17.31582511363405],[78.50827064449692,17.33925905008417],[78.50782060239543,17.34187300164148],[78.510808150725,17.34909708065482],[78.52676934662672,17.34429534700678],[78.53301727946385,17.35470394943423],[78.55006581426304,17.36862477633822],[78.56871790041589,17.37003770721788],[78.57411985361907,17.36172653362634],[78.5604216817694,17.35219927008017],[78.5619780094589,17.34466047177376],[78.59786109020295,17.34356193660672],[78.62461654792547,17.36400455451197],[78.64526006460962,17.37182369874865]]]},"properties":{"ST_NAME":"Chhattisgarh","DIST_NAME":"Rangareddy"}},{"type":"Feature","geometry":{"type":"Polygon","coordinates":[[[78.04301352824733,17.31217036773032],[78.07354132196419,17.23996010232295],[78.06812062082976,17.22192961848654],[78.06609659879942,17.18470496699792],[78.04538078119472,17.18805417154042],[78.0421658611365,17.1672126752806],[78.01616710226033,17.16576627941932],[78.01144928083933,17.14791301592081],[78.00409549629475,17.14772743112495],[77.99879794541675,17.13386240587709],[77.99177884552844,17.12850623138097],[77.99012591668087,17.10362238658795],[77.95426668775055,17.0994926942309],[77.95432381629927,17.09582700321973],[77.93394200586091,17.08561887595274],[77.94930191794114,17.08097813114559],[77.94912855538806,17.07583476743717],[77.92341524989494,17.06494809594362],[77.9228590829119,17.05208375992431],[77.93232525124226,17.04825456043491],[77.93505611067344,17.02831201011836],[77.95085045699443,17.0206143432455],[77.94839084649001,17.01713011239881],[77.95368171297339,17.01468292983589],[77.9783799248508,17.01036199006032],[77.97828163459698,17.00441836294342],[77.99298835995612,16.9944399550025],[77.99980884637468,16.98002600497368],[77.98817110630135,16.96077632668787],[77.99165837351923,16.95559390360579],[78.01091090031113,16.94992821593626],[78.01226480817732,16.94357769878331],[78.00853172933397,16.94414848923116],[78.00466690955567,16.93620292393429],[78.01011787457021,16.9239318522159],[78.00881166762625,16.90282961862025],[77.98810043188425,16.89910842289812],[77.98164329099887,16.89353598346827],[77.97858283929321,16.87683436082529],[77.99048938434836,16.87090972893158],[77.9776843540172,16.84717196366596],[77.96706160299857,16.8504327180304],[77.9548563678821,16.8686268266118],[77.9377965156705,16.86456150519982],[77.93157328616108,16.8499665141024],[77.92196463148872,16.84492972267577],[77.91204176755987,16.8516427810017],[77.9144314594978,16.86070816867724],[77.88705999446243,16.85964461340962],[77.8637635220493,16.85099984336404],[77.86815694423055,16.85882919167033],[77.86481839354845,16.86306950664389],[77.85738826707943,16.85429963863252],[77.84344946550561,16.86158297312675],[77.84225856726171,16.85657050628461],[77.82010038920805,16.8638133190253],[77.82201241517973,16.8841834018641],[77.81171037612803,16.89183579195876],[77.7956878579544,16.8736519706727],[77.77076489138416,16.87955117888544],[77.76395168178934,16.87290650592043],[77.74389809582345,16.88050226646902],[77.72301352944429,16.86803993097574],[77.72200701908089,16.8579225475712],[77.72269141951345,16.84431845845308],[77.73322338040147,16.81845988721696],[77.73051800748117,16.799118744786],[77.73470998920263,16.78318858104852],[77.72905424145092,16.77976769184233],[77.70820963480928,16.78474002125902],[77.69490967621097,16.77906899845898],[77.68001450930076,16.78341880409535],[77.6625279600009,16.76374164640329],[77.6342269640079,16.78581159490488],[77.62220241813989,16.78628333428849],[77.61069306837713,16.77552344327303],[77.58396860820066,16.78587422646159],[77.56342763702597,16.80164505034209],[77.55334945890199,16.81954731718952],[77.56550677622484,16.83059199015991],[77.58147992314447,16.8318933809563],[77.58415542183569,16.83656627639552],[77.57927700411008,16.84242347666891],[77.56258021764953,16.84418115721991],[77.54795867837038,16.8890841157724],[77.51990603857824,16.91751354986135],[77.49843692894251,16.90224420771435],[77.46686573288443,16.91604058027386],[77.46979215462927,16.9223497668575],[77.46945565629936,16.92808090234582],[77.46424506074027,16.92986989492663],[77.46832745459174,16.93961163700555],[77.4655886006376,16.95788941500652],[77.47228646219449,16.95744247221531],[77.48147914448887,16.97073111043158],[77.47955205729203,16.99604072707632],[77.50235266631825,17.00959652423469],[77.50262281538761,17.01374665843062],[77.49498581397931,17.02708966463578],[77.49669388042861,17.04272174565602],[77.48814573827002,17.0471738593023],[77.47996947898756,17.0688078913143],[77.48102164129766,17.07924319003527],[77.46729695718668,17.08633820675916],[77.46289783236499,17.09409100700438],[77.46453709905339,17.10675494992717],[77.44583975271397,17.11796637770282],[77.4360477704803,17.11498930492251],[77.40670261267131,17.12452248517777],[77.40386690383279,17.13292410367366],[77.37795767974119,17.1399527368464],[77.3782693519631,17.15258396338392],[77.36694252317325,17.1544200775837],[77.36248790278145,17.16383695570996],[77.37194490600037,17.18113375188018],[77.37231592482263,17.1955694741988],[77.39393923147203,17.19440363508988],[77.39820665174247,17.21042601294323],[77.40379097163715,17.20990081793063],[77.40202046692431,17.21413073092221],[77.38880365623676,17.21533382142702],[77.38023271867736,17.22253832124049],[77.40831070995273,17.24121601448885],[77.42046077887267,17.23763453846156],[77.42646702889633,17.25673135977783],[77.45867774967643,17.27926444311066],[77.45492218047862,17.28724150760861],[77.43796987715743,17.29192012326865],[77.45606037510926,17.33123679443326],[77.45710964327236,17.34741334964251],[77.45111355957947,17.35938415749325],[77.4536602589208,17.37399594120524],[77.47914790924683,17.3707274335715],[77.47457776370196,17.36178072793408],[77.48356675767275,17.35533721919686],[77.51922553219036,17.36206088932009],[77.53245711055068,17.37541610314922],[77.53308875100647,17.3806963872287],[77.52626055738764,17.38193544649788],[77.5243577127506,17.38816095302374],[77.53788960408383,17.4060973931856],[77.51421824544329,17.41418390400562],[77.51308336252741,17.43109591138637],[77.53755882333941,17.44387733263585],[77.57600184129717,17.43097696301874],[77.5762470481494,17.45644057121669],[77.60386589998012,17.44420427555381],[77.61446084137715,17.44746654522528],[77.61527543919162,17.47289040643597],[77.63828493697673,17.47352361067743],[77.64482701247879,17.4775678784734],[77.6479144953948,17.49608037936319],[77.65710784528282,17.50616351018654],[77.65241694821712,17.48302854598827],[77.68874659208731,17.47561061092256],[77.68804795880524,17.48943242027674],[77.6925563891677,17.49894251368948],[77.68772765468846,17.51181563759867],[77.69066578151524,17.52653654948263],[77.70956072963114,17.52602855042734],[77.7614363618489,17.55826159364405],[77.76160416644214,17.57944060885124],[77.77003476198972,17.5843532362539],[77.77428365208307,17.60126169189985],[77.76753584167231,17.61288868186799],[77.74968835351655,17.61378538081939],[77.74653041096091,17.62451681514343],[77.77635812592635,17.62708332887652],[77.78362942332674,17.63897557945024],[77.78808677691386,17.63831772833247],[77.7999209863762,17.62520838590367],[77.81602061385068,17.62674468465845],[77.82291607292811,17.63228201364825],[77.8516665389355,17.61715439072219],[77.85603420866724,17.61319334994137],[77.85293098419817,17.60868809100017],[77.86754317260863,17.61983212008793],[77.86759409591245,17.61106236275064],[77.87503897426986,17.60326460568706],[77.86881921184276,17.59705268658839],[77.87286498199163,17.5828340713458],[77.89740619140112,17.58240186263101],[77.93662603578551,17.56779566848957],[77.93390599263456,17.56101839265392],[77.94029780776148,17.55117460601445],[77.9367769911463,17.5391544902538],[77.96309096820318,17.53415931183174],[77.97427852501926,17.51875166094003],[77.9660862821683,17.50495467902738],[77.96464588422839,17.48444888763999],[77.98093529079203,17.48397879554787],[77.99112480046627,17.50716957316951],[78.00736528953088,17.49608010056304],[78.00039534013194,17.4833311457254],[78.0035186283335,17.47604327952391],[78.02193987620139,17.46548409214979],[78.01921249322343,17.45539933367547],[78.00411177561465,17.44285997149599],[78.00233129368007,17.43275984537362],[78.0153513498907,17.40361876237432],[78.02108599270454,17.37289894676099],[78.03253598300353,17.35904112786965],[78.04077416150034,17.35563256702002],[78.04301352824733,17.31217036773032]]]},"properties":{"ST_NAME":"Chhattisgarh","DIST_NAME":"Vikarabad"}},{"type":"Feature","geometry":{"type":"Polygon","coordinates":[[[78.52714558519934,17.37634852442276],[78.52524395243952,17.36234038937279],[78.53234633111629,17.35716401032597],[78.53301727946385,17.35470394943423],[78.52676934662672,17.34429534700678],[78.510808150725,17.34909708065482],[78.50782060239543,17.34187300164148],[78.50827064449692,17.33925905008417],[78.51085817659695,17.31582511363405],[78.5097382484722,17.30824191548659],[78.50596037677882,17.31422163221322],[78.49342713261451,17.31776476384723],[78.47196732666558,17.30838728230137],[78.467325107882,17.31938492341747],[78.46321133361255,17.32841978175805],[78.45047711578141,17.33557504997519],[78.45560161428277,17.35628243452723],[78.4374663401294,17.36150917452282],[78.43989419588274,17.36795219337801],[78.43551867232338,17.37263427128697],[78.4152111870266,17.36924764041713],[78.37333576791298,17.37486885085968],[78.3782346192124,17.38109145426723],[78.37837984785877,17.38755609491978],[78.38043629451154,17.38676202565668],[78.38235738325056,17.39388071723387],[78.38422492406373,17.38490251511489],[78.39262592285505,17.39150066726457],[78.40017504437277,17.39447599499279],[78.39327454248414,17.4050927055319],[78.38528735141598,17.40680217455335],[78.3936052085917,17.41849408961468],[78.40200874262403,17.42500281769945],[78.40165394924647,17.43833632127334],[78.42205917477774,17.44264788432388],[78.44586307522067,17.43891152325657],[78.46060945597526,17.43659481687815],[78.46208202218358,17.43091180097225],[78.4690436433442,17.43318606537547],[78.47832053955234,17.44273853344335],[78.47223404296184,17.44767553199445],[78.4711120962051,17.46529945265887],[78.47330873835608,17.46656245112179],[78.47767615809838,17.46848321474375],[78.47995389032899,17.46457417377052],[78.4773577298753,17.45794925081273],[78.48727620364582,17.45768102828566],[78.49310322060849,17.4659172079553],[78.49542304511534,17.48802412907687],[78.50157772666259,17.48721954059917],[78.50160221542649,17.47124362427392],[78.5059096533411,17.46908963109709],[78.49886140848307,17.4602546335467],[78.50994226310635,17.44984944211314],[78.530828826923,17.44335201186306],[78.54964822149844,17.44314100588178],[78.55006331127844,17.44304658671289],[78.55187155252878,17.42831037840045],[78.54259478822487,17.41873315251947],[78.55185567866847,17.41102001861438],[78.51850890002366,17.4065357296669],[78.52315284537197,17.40390986899949],[78.52249217155129,17.39899801551975],[78.5304051977848,17.39683294455298],[78.52866430038685,17.38020670893464],[78.53204049904105,17.37713860690583],[78.52714558519934,17.37634852442276]]]},"properties":{"ST_NAME":"Chhattisgarh","DIST_NAME":"Hyderabad"}},{"type":"Feature","geometry":{"type":"Polygon","coordinates":[[[77.46686573288443,16.91604058027386],[77.49843692894251,16.90224420771435],[77.51990603857824,16.91751354986135],[77.54795867837038,16.8890841157724],[77.56258021764953,16.84418115721991],[77.57927700411008,16.84242347666891],[77.58415542183569,16.83656627639552],[77.58147992314447,16.8318933809563],[77.56550677622484,16.83059199015991],[77.55334945890199,16.81954731718952],[77.56342763702597,16.80164505034209],[77.58396860820066,16.78587422646159],[77.61069306837713,16.77552344327303],[77.62220241813989,16.78628333428849],[77.6342269640079,16.78581159490488],[77.6625279600009,16.76374164640329],[77.68001450930076,16.78341880409535],[77.69490967621097,16.77906899845898],[77.70820963480928,16.78474002125902],[77.72905424145092,16.77976769184233],[77.73470998920263,16.78318858104852],[77.73051800748117,16.799118744786],[77.73322338040147,16.81845988721696],[77.72269141951345,16.84431845845308],[77.72200701908089,16.8579225475712],[77.72301352944429,16.86803993097574],[77.74389809582345,16.88050226646902],[77.76395168178934,16.87290650592043],[77.7643360571608,16.85535078752758],[77.7538469830813,16.84477138688488],[77.75475584160115,16.81986901677714],[77.76915155108595,16.8096093722111],[77.78924552847944,16.80977556386274],[77.81621143867483,16.79655219324008],[77.83610007194694,16.80121411737724],[77.84490210213808,16.77016908644281],[77.855186220719,16.76810204370944],[77.86706224388904,16.77521366212286],[77.8828955912014,16.77064052032933],[77.89151992201054,16.76100116044265],[77.89499891714416,16.74106100754808],[77.9109279869354,16.72936339589546],[77.91873638373859,16.71351948796116],[77.90800474569284,16.69652193671367],[77.88255197485033,16.696027476824],[77.85633875530283,16.71053751385215],[77.83193726515017,16.71570897724311],[77.82465867214499,16.72348207904062],[77.81354083374876,16.7218181674856],[77.79448123691968,16.72867103372302],[77.78274976638063,16.72429662832965],[77.76558874460972,16.70465293871315],[77.7576815043343,16.6829696675474],[77.75786530090357,16.66983720152307],[77.77889689885322,16.63517716123455],[77.77526016187478,16.62000359187927],[77.76692865292029,16.61022033700795],[77.76967188675187,16.57989295149845],[77.76636147043638,16.57349752653031],[77.74709733874003,16.56951873750807],[77.73990324989087,16.5639526407044],[77.73939005053559,16.54063833794596],[77.75281416592058,16.51761253754973],[77.73595409381625,16.50988965152601],[77.75015810087336,16.49976408325553],[77.73622631720237,16.47218165831736],[77.7213041417345,16.46330172712818],[77.72214662727875,16.45689131687317],[77.7324543837337,16.44859601922591],[77.7325802891384,16.42316232875313],[77.74583141144223,16.42213582326152],[77.76228222677126,16.42890408120787],[77.77435179066222,16.42704531309065],[77.78560681336744,16.40069404584992],[77.7999704260109,16.38199811221287],[77.80847742910788,16.37810325126373],[77.81408431653948,16.38108987875377],[77.8150329603613,16.39399192136525],[77.82272540321718,16.3948134376335],[77.83369717006106,16.37360430570995],[77.84134161820452,16.33664392494121],[77.88497773125623,16.28536935982292],[77.91654215012758,16.23506193701758],[77.91885797996134,16.21035439266752],[77.88587474311583,16.2283343077093],[77.79027895733373,16.29645381948764],[77.76827840643037,16.30738709711202],[77.74810898121804,16.30988596764915],[77.72176909560436,16.32928089593661],[77.68385580284468,16.34546569416019],[77.65588394510036,16.35427017981751],[77.6231166624795,16.35416903529241],[77.58825830600777,16.33279617893862],[77.59536344642677,16.33995983487322],[77.59396105549503,16.34391065220126],[77.57275515221866,16.34095585499643],[77.53880784758202,16.35822297599334],[77.5234379603992,16.37584882697219],[77.51440440952568,16.3749942375415],[77.48972922803134,16.38503482739357],[77.44102614688265,16.3807816093461],[77.42889298855783,16.36921171222842],[77.41945473008626,16.36630690740815],[77.40102552997136,16.37166073143943],[77.37870820744787,16.38542626267399],[77.34975315494972,16.38365005421017],[77.33346006494429,16.39538311983553],[77.31397194336245,16.3980220126702],[77.28821211846348,16.4087844421272],[77.26899222249362,16.43047244158611],[77.26211198886142,16.4518494680263],[77.23646189556547,16.47325800922248],[77.24585422110226,16.4777578576212],[77.26513100542616,16.47282186001431],[77.29413585599605,16.4769775632996],[77.29874912100296,16.49616937576014],[77.32033556010897,16.49222264891244],[77.32959848593211,16.48591758165948],[77.35146794125627,16.49107230086268],[77.36904899134375,16.4886881385144],[77.37273761552851,16.50967606911856],[77.37911736584702,16.51456799536872],[77.40222579338449,16.52153070916233],[77.41651583374482,16.51826418970883],[77.4179953455986,16.54887942015222],[77.403779138727,16.551201086987],[77.39745393738494,16.56431686474983],[77.39264745460994,16.56400635576569],[77.39268462148445,16.5700044640908],[77.42151173075925,16.5682535525949],[77.43941127057809,16.58749073753217],[77.46199450980518,16.58500950914642],[77.46782455557813,16.60977163545712],[77.45821237194754,16.61072824999386],[77.45367677416334,16.61676060604849],[77.47424848998952,16.64816186145432],[77.46406825971587,16.65390110718574],[77.44471129232633,16.6392472713006],[77.43444481382377,16.64114813845458],[77.4386217725135,16.64534771117697],[77.42974877552953,16.65621898049405],[77.41904021296035,16.65845148237329],[77.41887589667239,16.66891043689477],[77.44248854395889,16.66967881322447],[77.44754360148657,16.67959868738431],[77.46401751603688,16.67661467117345],[77.46982604081016,16.68704663343455],[77.47387922975125,16.71531468783317],[77.44643253854505,16.72117641865485],[77.43848847347093,16.71169838877167],[77.42604409625233,16.72116050073774],[77.43108685339071,16.72343147282991],[77.4269785201859,16.72896334065635],[77.44318394420604,16.76251726155947],[77.43792245837139,16.77471782582736],[77.43962865835658,16.78943713640999],[77.4673264555896,16.78074585442592],[77.47463329467607,16.78153265436344],[77.4765386422972,16.78837112691376],[77.473427307621,16.78921373873149],[77.47430183651258,16.80232548604429],[77.46574405288703,16.8059305086677],[77.46328175670557,16.82221831072274],[77.45707311888837,16.83023984158466],[77.46410086593289,16.85060329742646],[77.46040375715526,16.88476584879732],[77.45600659474873,16.88565533978064],[77.45795884597761,16.90952063723937],[77.45400199666042,16.91415877180303],[77.46686573288443,16.91604058027386]]]},"properties":{"ST_NAME":"Chhattisgarh","DIST_NAME":"Narayanpet"}},{"type":"Feature","geometry":{"type":"Polygon","coordinates":[[[77.83193726515017,16.71570897724311],[77.85633875530283,16.71053751385215],[77.88255197485033,16.696027476824],[77.90800474569284,16.69652193671367],[77.91873638373859,16.71351948796116],[77.9109279869354,16.72936339589546],[77.89499891714416,16.74106100754808],[77.89151992201054,16.76100116044265],[77.8828955912014,16.77064052032933],[77.86706224388904,16.77521366212286],[77.855186220719,16.76810204370944],[77.84490210213808,16.77016908644281],[77.83610007194694,16.80121411737724],[77.81621143867483,16.79655219324008],[77.78924552847944,16.80977556386274],[77.76915155108595,16.8096093722111],[77.75475584160115,16.81986901677714],[77.7538469830813,16.84477138688488],[77.7643360571608,16.85535078752758],[77.76395168178934,16.87290650592043],[77.77076489138416,16.87955117888544],[77.7956878579544,16.8736519706727],[77.81171037612803,16.89183579195876],[77.82201241517973,16.8841834018641],[77.82010038920805,16.8638133190253],[77.84225856726171,16.85657050628461],[77.84344946550561,16.86158297312675],[77.85738826707943,16.85429963863252],[77.86481839354845,16.86306950664389],[77.86815694423055,16.85882919167033],[77.8637635220493,16.85099984336404],[77.88705999446243,16.85964461340962],[77.9144314594978,16.86070816867724],[77.91204176755987,16.8516427810017],[77.92196463148872,16.84492972267577],[77.93157328616108,16.8499665141024],[77.9377965156705,16.86456150519982],[77.9548563678821,16.8686268266118],[77.96706160299857,16.8504327180304],[77.9776843540172,16.84717196366596],[77.99048938434836,16.87090972893158],[77.97858283929321,16.87683436082529],[77.98164329099887,16.89353598346827],[77.98810043188425,16.89910842289812],[78.00881166762625,16.90282961862025],[78.01011787457021,16.9239318522159],[78.00466690955567,16.93620292393429],[78.00853172933397,16.94414848923116],[78.01226480817732,16.94357769878331],[78.01091090031113,16.94992821593626],[77.99165837351923,16.95559390360579],[77.98817110630135,16.96077632668787],[77.99980884637468,16.98002600497368],[77.99298835995612,16.9944399550025],[78.0058058778364,16.99843285982956],[78.03402192359174,16.98391218686837],[78.05999618525635,16.99445200899615],[78.07698373252613,16.9715855932831],[78.11160622164799,16.98414128434982],[78.11958979210408,16.9998058196744],[78.12608742180481,17.00096293779662],[78.18614936753298,16.97910924597369],[78.18899895335694,16.97233606799263],[78.1719451390994,16.95445125785433],[78.17181871144747,16.94924798010981],[78.18124488292507,16.93682522628386],[78.1924042522198,16.93658537991648],[78.21427271129363,16.92481706967479],[78.21535169892933,16.91872692238214],[78.20411302300163,16.90169458144678],[78.22691601693536,16.87146774119792],[78.25866072439355,16.86158571782205],[78.28088803665297,16.86240546817011],[78.29445647312858,16.8900821822291],[78.30280303073336,16.89351405237441],[78.3256829419104,16.89078768300007],[78.3531446329842,16.9093567706482],[78.37247315041114,16.89883611758928],[78.36844582720266,16.88482106491136],[78.35640918427835,16.87925514335361],[78.32438947840194,16.88026199737982],[78.31864121339372,16.87559425515717],[78.32231016440308,16.86263198631894],[78.31004948199677,16.83361448733196],[78.32279977752323,16.82052203196957],[78.32778222147918,16.79247286698918],[78.3358519169659,16.7911054119641],[78.34335133629746,16.79626952389927],[78.35711039959364,16.79385161482233],[78.36412568099234,16.79842286534221],[78.37707306855512,16.78860652039659],[78.38519281605855,16.79085544113936],[78.39289826676324,16.80124193432966],[78.39976664566173,16.7958380558942],[78.4084635827637,16.80770385455457],[78.41479934045265,16.82792773154172],[78.43056870967162,16.83531766979636],[78.43028617883158,16.78874715183181],[78.45196163928233,16.77658992651365],[78.46339121972507,16.77864375890423],[78.48186928899061,16.75770529147003],[78.47907860790212,16.75311275824824],[78.45452860595451,16.7507516441153],[78.45879130467776,16.73591646594707],[78.4522926484972,16.73128742690351],[78.41635390595548,16.73236094047099],[78.41847839851019,16.68692113523996],[78.39963242117761,16.67671801344368],[78.39157686822352,16.66239560611849],[78.365391443841,16.66299700492227],[78.35481749571079,16.64511913313634],[78.33536968641118,16.65602252383211],[78.3193431377987,16.65443527816421],[78.30359239029627,16.68058528201973],[78.29514557798984,16.68682814111731],[78.2757786394885,16.68802768228986],[78.2350160221535,16.73150218978991],[78.20867993958029,16.73807235469504],[78.19780703023044,16.74692763815828],[78.16522949903717,16.74304417067467],[78.1539710148216,16.74658548664077],[78.14906675946064,16.73900379955402],[78.16764538736925,16.72548274939226],[78.16815266261693,16.71642379103812],[78.15344311603174,16.70642669130923],[78.14005328740947,16.68830596614789],[78.13226421928935,16.65326973979193],[78.13852250438254,16.63219685307055],[78.1234075002174,16.61179452344485],[78.12247557168706,16.59568701045793],[78.11579732700415,16.58946289795922],[78.10129873434278,16.59581124093871],[78.07749652817442,16.59789195494276],[78.04845353472415,16.61363433141707],[78.02536019354201,16.61144386328241],[77.99422947022202,16.59539139892688],[77.97916631484674,16.57970056276728],[77.98975940381875,16.55817086260026],[77.98502666544275,16.5414736389621],[77.99921220454443,16.53187397563299],[77.98865271115153,16.51987748513216],[77.99647221744658,16.51327722067984],[77.99397262785212,16.50732634570235],[77.9550690982224,16.51201795649308],[77.93962824249449,16.50439259594742],[77.89133563684341,16.50129478233773],[77.89376889251861,16.46644218879231],[77.91597956743243,16.45425522280616],[77.91827891441197,16.43813865057603],[77.94294602832493,16.43152032169317],[77.9523147370602,16.41904102267426],[77.97341660801708,16.40891284188401],[77.9730377842054,16.37094625055137],[77.98215667903511,16.35943793066387],[77.98888620620632,16.33308617169409],[77.98790800672656,16.32886658135547],[77.95129718231759,16.31138238410049],[77.9466152824953,16.29871256651786],[77.94902974073786,16.28960670873175],[77.95859393160488,16.28314163248519],[77.98143640667222,16.27649667377317],[77.98248430838093,16.26063436544408],[77.95848191815443,16.24312069697674],[77.93581030402606,16.25092100861866],[77.91654215012758,16.23506193701758],[77.88497773125623,16.28536935982292],[77.84134161820452,16.33664392494121],[77.83369717006106,16.37360430570995],[77.82272540321718,16.3948134376335],[77.8150329603613,16.39399192136525],[77.81408431653948,16.38108987875377],[77.80847742910788,16.37810325126373],[77.7999704260109,16.38199811221287],[77.78560681336744,16.40069404584992],[77.77435179066222,16.42704531309065],[77.76228222677126,16.42890408120787],[77.74583141144223,16.42213582326152],[77.7325802891384,16.42316232875313],[77.7324543837337,16.44859601922591],[77.72214662727875,16.45689131687317],[77.7213041417345,16.46330172712818],[77.73622631720237,16.47218165831736],[77.75015810087336,16.49976408325553],[77.73595409381625,16.50988965152601],[77.75281416592058,16.51761253754973],[77.73939005053559,16.54063833794596],[77.73990324989087,16.5639526407044],[77.74709733874003,16.56951873750807],[77.76636147043638,16.57349752653031],[77.76967188675187,16.57989295149845],[77.76692865292029,16.61022033700795],[77.77526016187478,16.62000359187927],[77.77889689885322,16.63517716123455],[77.75786530090357,16.66983720152307],[77.7576815043343,16.6829696675474],[77.76558874460972,16.70465293871315],[77.78274976638063,16.72429662832965],[77.79448123691968,16.72867103372302],[77.81354083374876,16.7218181674856],[77.82465867214499,16.72348207904062],[77.83193726515017,16.71570897724311]]]},"properties":{"ST_NAME":"Chhattisgarh","DIST_NAME":"Mahabubnagar"}},{"type":"Feature","geometry":{"type":"Polygon","coordinates":[[[78.11579732700415,16.58946289795922],[78.09992288008523,16.50717086471869],[78.10782496805587,16.47807039464779],[78.1578887404561,16.43847712103571],[78.16054106192887,16.4420765883842],[78.1717834785225,16.44220060133718],[78.18863189117253,16.4362143354279],[78.19622914829652,16.40389783915619],[78.21625094672514,16.40241908543342],[78.23450449327814,16.4063453287449],[78.2595266685291,16.40208757322011],[78.26985025143722,16.40900151279162],[78.2954746444509,16.39694840271493],[78.30699822863437,16.38653309561707],[78.30585924424022,16.36886231573985],[78.3112177582495,16.3546742243555],[78.29591244964551,16.3431662209178],[78.28962180771663,16.32386265883952],[78.26362070353528,16.32426795187554],[78.25587184405266,16.31998190559064],[78.24790039432266,16.30465617897374],[78.24991137701682,16.28860183265666],[78.2459895757755,16.28320314768787],[78.2193362682605,16.29415287566583],[78.20334461484066,16.31423937487747],[78.1851241765133,16.31453715596194],[78.16830827453535,16.33026970633481],[78.15753130750537,16.33284207678411],[78.13611505175605,16.32589026130064],[78.11260875971311,16.30041717489271],[78.0848249737849,16.29209906346003],[78.07300552000075,16.26293666349687],[78.06845201397026,16.26034899265345],[78.04108501223988,16.27351056929266],[78.02565606275765,16.26973362910741],[78.0228987769765,16.25814803491874],[78.03553050709712,16.24968336512347],[78.05703504277979,16.22191925366568],[78.07441765568672,16.21325614660237],[78.07870906867932,16.20306316674107],[78.07417075807942,16.18768077221017],[78.05905586043353,16.1724264427835],[78.05433914927805,16.14720847603071],[78.03935774776826,16.12146291299337],[78.04514122555749,16.10430151259783],[78.06372361119274,16.09960845494391],[78.06636095044978,16.08693377657808],[78.05745546220489,16.02806608824137],[78.03824571347836,16.03639128066032],[77.98622730852404,16.09221357902391],[77.96818373815705,16.10034286145994],[77.94164162543956,16.12670595565665],[77.925955326944,16.16703184560109],[77.91885797996134,16.21035439266752],[77.91654215012758,16.23506193701758],[77.93581030402606,16.25092100861866],[77.95848191815443,16.24312069697674],[77.98248430838093,16.26063436544408],[77.98143640667222,16.27649667377317],[77.95859393160488,16.28314163248519],[77.94902974073786,16.28960670873175],[77.9466152824953,16.29871256651786],[77.95129718231759,16.31138238410049],[77.98790800672656,16.32886658135547],[77.98888620620632,16.33308617169409],[77.98215667903511,16.35943793066387],[77.9730377842054,16.37094625055137],[77.97341660801708,16.40891284188401],[77.9523147370602,16.41904102267426],[77.94294602832493,16.43152032169317],[77.91827891441197,16.43813865057603],[77.91597956743243,16.45425522280616],[77.89376889251861,16.46644218879231],[77.89133563684341,16.50129478233773],[77.93962824249449,16.50439259594742],[77.9550690982224,16.51201795649308],[77.99397262785212,16.50732634570235],[77.99647221744658,16.51327722067984],[77.98865271115153,16.51987748513216],[77.99921220454443,16.53187397563299],[77.98502666544275,16.5414736389621],[77.98975940381875,16.55817086260026],[77.97916631484674,16.57970056276728],[77.99422947022202,16.59539139892688],[78.02536019354201,16.61144386328241],[78.04845353472415,16.61363433141707],[78.07749652817442,16.59789195494276],[78.10129873434278,16.59581124093871],[78.11579732700415,16.58946289795922]]]},"properties":{"ST_NAME":"Chhattisgarh","DIST_NAME":"Wanaparthy"}},{"type":"Feature","geometry":{"type":"Polygon","coordinates":[[[77.58825830600777,16.33279617893862],[77.6231166624795,16.35416903529241],[77.65588394510036,16.35427017981751],[77.68385580284468,16.34546569416019],[77.72176909560436,16.32928089593661],[77.74810898121804,16.30988596764915],[77.76827840643037,16.30738709711202],[77.79027895733373,16.29645381948764],[77.88587474311583,16.2283343077093],[77.91885797996134,16.21035439266752],[77.925955326944,16.16703184560109],[77.94164162543956,16.12670595565665],[77.96818373815705,16.10034286145994],[77.98622730852404,16.09221357902391],[78.03824571347836,16.03639128066032],[78.05745546220489,16.02806608824137],[78.067029836156,16.02137140107307],[78.1194332367566,16.00765841264154],[78.13134395267772,15.99508274951792],[78.13873578837854,15.96362430864332],[78.15878473067878,15.95247454301013],[78.20406824460115,15.94967118051007],[78.23486955059876,15.96053850978601],[78.25110456906931,15.97295635019687],[78.25109865156435,15.93513018021431],[78.23223992525479,15.92434482001721],[78.18453700655316,15.91016503471104],[78.17954852231348,15.90228135258393],[78.19004704233194,15.89261734892156],[78.17678733796001,15.87710707238396],[78.17544155709496,15.85837557308495],[78.15888061318206,15.85410833637794],[78.13564670174448,15.85504837890948],[78.13018501035391,15.85104834044285],[78.13429596612478,15.83690712671628],[78.09908948010127,15.83635630281401],[78.08367129089719,15.8412676546264],[78.08506546386498,15.84534598454382],[78.07147274963602,15.85071726817226],[78.07163777578121,15.86209362288755],[78.05595041774363,15.86667562674063],[78.05632059629457,15.87499264284586],[78.04687757066112,15.8752544763961],[78.04505695135693,15.90448105926227],[78.03200437356823,15.9076900377857],[78.03111549685259,15.903301377872],[78.02563097680827,15.90270769827718],[78.00652177462378,15.86308577155357],[77.97574999696735,15.88345358787174],[77.93640282190132,15.88396110940811],[77.88879267670492,15.90614851569298],[77.87809915383122,15.9050789787227],[77.85980768861884,15.88460114294631],[77.83810388213796,15.88523846337251],[77.80505265127712,15.87472505414447],[77.78270636433768,15.87668683742544],[77.76764775149226,15.88622124012168],[77.74884055948229,15.88560555807644],[77.72423237886827,15.89615985988503],[77.68455767619066,15.88359310656034],[77.65756319270768,15.88626643249433],[77.63720258805891,15.89605066821645],[77.61148716087992,15.91822907534085],[77.59345267121212,15.91225984776288],[77.58095127765075,15.91881733669611],[77.54912261220284,15.91946011295511],[77.5135702566918,15.92713150408336],[77.51973638812319,15.96700996001874],[77.51053977339109,15.97558097564474],[77.51081774050836,15.99157269221508],[77.51401233480856,16.00839701292192],[77.50444148377142,16.01136480161803],[77.49376682201238,16.03658967024294],[77.49949033735255,16.05375349952805],[77.49627255989672,16.05464740561135],[77.49955864282583,16.0613705912404],[77.50273977036075,16.05915890700329],[77.5069119259798,16.07966448844265],[77.49369288829088,16.0863621567352],[77.50105933399475,16.1065283144909],[77.5133098457161,16.1080493314383],[77.50025599769894,16.12061393719441],[77.4898280752944,16.11964160645874],[77.49067837058139,16.1599952304344],[77.48562421714792,16.16490742680241],[77.49952103975117,16.19857324727783],[77.50118003016642,16.22172963101252],[77.51502494455814,16.22196676329578],[77.51568982361037,16.22780137609445],[77.51319947894318,16.23086028795042],[77.49237215085924,16.22932888630882],[77.49009390403432,16.25518906109974],[77.5024390512003,16.26308610201034],[77.50485046065258,16.27582838875691],[77.52190440449361,16.27805774582397],[77.53702401001522,16.26650926781214],[77.545110473909,16.29173631798062],[77.56324325247033,16.30165729001356],[77.5689129162914,16.3036256540941],[77.58212347696015,16.29166884130205],[77.59784133541397,16.29313136287378],[77.59205218503644,16.30218957441805],[77.59541573385813,16.31814176202878],[77.58825830600777,16.33279617893862]]]},"properties":{"ST_NAME":"Chhattisgarh","DIST_NAME":"Jogulamba Gadwal"}},{"type":"Feature","geometry":{"type":"Polygon","coordinates":[[[78.3112177582495,16.3546742243555],[78.30585924424022,16.36886231573985],[78.30699822863437,16.38653309561707],[78.2954746444509,16.39694840271493],[78.26985025143722,16.40900151279162],[78.2595266685291,16.40208757322011],[78.23450449327814,16.4063453287449],[78.21625094672514,16.40241908543342],[78.19622914829652,16.40389783915619],[78.18863189117253,16.4362143354279],[78.1717834785225,16.44220060133718],[78.16054106192887,16.4420765883842],[78.1578887404561,16.43847712103571],[78.10782496805587,16.47807039464779],[78.09992288008523,16.50717086471869],[78.11579732700415,16.58946289795922],[78.12247557168706,16.59568701045793],[78.1234075002174,16.61179452344485],[78.13852250438254,16.63219685307055],[78.13226421928935,16.65326973979193],[78.14005328740947,16.68830596614789],[78.15344311603174,16.70642669130923],[78.16815266261693,16.71642379103812],[78.16764538736925,16.72548274939226],[78.14906675946064,16.73900379955402],[78.1539710148216,16.74658548664077],[78.16522949903717,16.74304417067467],[78.19780703023044,16.74692763815828],[78.20867993958029,16.73807235469504],[78.2350160221535,16.73150218978991],[78.2757786394885,16.68802768228986],[78.29514557798984,16.68682814111731],[78.30359239029627,16.68058528201973],[78.3193431377987,16.65443527816421],[78.33536968641118,16.65602252383211],[78.35481749571079,16.64511913313634],[78.365391443841,16.66299700492227],[78.39157686822352,16.66239560611849],[78.39963242117761,16.67671801344368],[78.41847839851019,16.68692113523996],[78.41635390595548,16.73236094047099],[78.4522926484972,16.73128742690351],[78.45879130467776,16.73591646594707],[78.45452860595451,16.7507516441153],[78.47907860790212,16.75311275824824],[78.48186928899061,16.75770529147003],[78.46339121972507,16.77864375890423],[78.45196163928233,16.77658992651365],[78.43028617883158,16.78874715183181],[78.43056870967162,16.83531766979636],[78.41479934045265,16.82792773154172],[78.4084635827637,16.80770385455457],[78.39976664566173,16.7958380558942],[78.39289826676324,16.80124193432966],[78.38519281605855,16.79085544113936],[78.37707306855512,16.78860652039659],[78.36412568099234,16.79842286534221],[78.35711039959364,16.79385161482233],[78.34335133629746,16.79626952389927],[78.3358519169659,16.7911054119641],[78.32778222147918,16.79247286698918],[78.32279977752323,16.82052203196957],[78.31004948199677,16.83361448733196],[78.32231016440308,16.86263198631894],[78.31864121339372,16.87559425515717],[78.32438947840194,16.88026199737982],[78.35640918427835,16.87925514335361],[78.36844582720266,16.88482106491136],[78.37247315041114,16.89883611758928],[78.3531446329842,16.9093567706482],[78.38378817402027,16.95351889465076],[78.40607300958536,17.01439508089763],[78.42174073466907,17.01423791048859],[78.45649199286721,16.99891070396668],[78.45559671602389,16.99409494986789],[78.4608547603369,16.99240914858858],[78.45945439579414,16.98476276281317],[78.47966938800808,16.99451704112564],[78.48962186182928,17.00420471532516],[78.49406472272973,17.0184512517007],[78.52394579197481,16.99353709451307],[78.55783063860238,16.9863184598261],[78.56251006551983,16.9777592764343],[78.56772192298652,16.96589211616245],[78.5843512042614,16.95496575719525],[78.61477539276339,16.96507478410121],[78.65071729083589,16.9591845305078],[78.6824510375716,16.93349174153696],[78.69059678644042,16.93205675913446],[78.69598782449523,16.93590138896341],[78.70769727390054,16.93425996645992],[78.7454426503196,16.9152205932411],[78.72870760313646,16.89400684419816],[78.72687133045523,16.86998140453417],[78.73100516659126,16.8641319980236],[78.74905362810553,16.8534524477657],[78.75210921181075,16.86272113412676],[78.77205654632067,16.88279991374868],[78.78091620145659,16.86857721225292],[78.77573843769957,16.8441337344778],[78.78910157436194,16.84001854084594],[78.78761155764641,16.83198956088561],[78.80218202602063,16.82650254390697],[78.79789650517986,16.80776986781339],[78.79533428932504,16.81256518460871],[78.79185396307709,16.80235834510399],[78.79523260959787,16.78565812727878],[78.78932767673547,16.76153369832663],[78.78039499249084,16.74644717671181],[78.75754447033155,16.74827651803788],[78.75543772790692,16.70660520552026],[78.74091931806905,16.70701485677332],[78.72566884557493,16.68873667173362],[78.71016897462458,16.67862048075511],[78.70733867277302,16.66641702569467],[78.71356507489213,16.65081154330998],[78.6674417936309,16.65208690431964],[78.67998531201768,16.62436738545614],[78.6985892549694,16.61915766073366],[78.69813877479196,16.61306233280223],[78.71557575760038,16.58214302373378],[78.70146131898528,16.56489221521726],[78.67996179483774,16.55253889836892],[78.66911888110151,16.57153619956065],[78.66579416180869,16.54312270759513],[78.65836683951909,16.54369227190828],[78.65286199646889,16.54971331673862],[78.6494392499772,16.54619265752177],[78.63639378060748,16.54874740786325],[78.63299416354236,16.53680448037519],[78.61291937421439,16.53173008411455],[78.61075407183708,16.52283365982326],[78.6143590315895,16.51783665010837],[78.63001684470676,16.52696504960037],[78.63537537355961,16.52446602821981],[78.64471175223322,16.53482185214741],[78.66140346113734,16.52522592963424],[78.66917749432815,16.5296568709326],[78.6747584894893,16.52786770380705],[78.67558535059247,16.53343808293905],[78.67988245678816,16.53158974748865],[78.68141755247558,16.54009033180965],[78.69389004163577,16.53647074446097],[78.7182568924032,16.5400854882895],[78.76520741958137,16.53378086872051],[78.77782588374475,16.52817594702998],[78.78817851980155,16.51619754342722],[78.80047683490683,16.51436963731481],[78.83537277081274,16.54367466079012],[78.85540639696492,16.55123846291459],[78.86881565364352,16.54386555633719],[78.90990417465333,16.5514353693831],[78.92209434665999,16.52441691643026],[78.93911838449647,16.51067645699497],[78.98595467068374,16.49368198993206],[79.04657457529807,16.45901730097236],[79.05927568977476,16.4473414824991],[79.07259698505577,16.44326676973435],[79.09150405666222,16.42202971342123],[79.10989663088316,16.4212699437685],[79.12202886019205,16.40702185903894],[79.14277929043811,16.39915556950317],[79.1517019784586,16.40025766052674],[79.15404094412868,16.38236745375555],[79.16487168506937,16.37885329967394],[79.17175245164763,16.36855432634787],[79.18045482058854,16.36809684947646],[79.19350575214038,16.35958967809929],[79.2026595976371,16.36326427290119],[79.21069849264947,16.35665496278029],[79.23434272634084,16.33493032026541],[79.22266305583182,16.23649417984484],[79.21583812313894,16.2271268876165],[79.19231077635723,16.21643832672175],[79.15922563550279,16.20896180416203],[79.12166912723961,16.23282063921358],[79.09949885433255,16.22346142368019],[79.08278396980775,16.23106544499971],[79.07111841033849,16.22778362424988],[79.05093075333961,16.23839189413163],[79.01284147965933,16.24093370654574],[78.9857825389256,16.21106495445184],[78.96033622244293,16.20941505698701],[78.90547144418088,16.18393573922715],[78.9041530876973,16.17680197707128],[78.91475700395459,16.14966800630458],[78.9239392177339,16.13770587641132],[78.92270163312884,16.12692351346733],[78.92135699667033,16.10312294228988],[78.88958334147414,16.08500482308893],[78.87295295154185,16.14360219908119],[78.85476993981088,16.14915143047917],[78.83544747918144,16.14581574170668],[78.83311601339524,16.13766993861632],[78.84248655581945,16.09555497117948],[78.8403602466316,16.0784837673063],[78.81947786183254,16.0486497506339],[78.80128144835979,16.03811558530479],[78.7918976166328,16.02467123874714],[78.75107701148443,16.01609079812907],[78.73557641529707,16.00849468912436],[78.7236488642402,16.02046321783342],[78.68569107197943,16.03321075683847],[78.65038369849424,16.0728247889623],[78.64980957163732,16.07950955737923],[78.6325035175366,16.08679262300819],[78.61003884744939,16.08742112187414],[78.59872481269257,16.08142731090105],[78.58701302290498,16.06373305918541],[78.54990984860963,16.04303379218666],[78.47486656587165,16.0688440213788],[78.4079879646585,16.07515462741175],[78.39772390483729,16.06647327820518],[78.38448368215654,16.06494869290121],[78.36551049565075,16.04713259173267],[78.34782367935198,16.04782709883247],[78.32665060924309,16.03708733146199],[78.32201938592917,16.01746431577923],[78.31235442784116,16.01186141623683],[78.2995134190401,16.01189631029831],[78.2772835211691,16.02466756370439],[78.26096013693868,16.02616940996294],[78.255600967996,16.01320613977394],[78.25908316846055,15.99264659239257],[78.25110456906931,15.97295635019687],[78.23486955059876,15.96053850978601],[78.20406824460115,15.94967118051007],[78.15878473067878,15.95247454301013],[78.13873578837854,15.96362430864332],[78.13134395267772,15.99508274951792],[78.1194332367566,16.00765841264154],[78.067029836156,16.02137140107307],[78.05745546220489,16.02806608824137],[78.06636095044978,16.08693377657808],[78.06372361119274,16.09960845494391],[78.04514122555749,16.10430151259783],[78.03935774776826,16.12146291299337],[78.05433914927805,16.14720847603071],[78.05905586043353,16.1724264427835],[78.07417075807942,16.18768077221017],[78.07870906867932,16.20306316674107],[78.07441765568672,16.21325614660237],[78.05703504277979,16.22191925366568],[78.03553050709712,16.24968336512347],[78.0228987769765,16.25814803491874],[78.02565606275765,16.26973362910741],[78.04108501223988,16.27351056929266],[78.06845201397026,16.26034899265345],[78.07300552000075,16.26293666349687],[78.0848249737849,16.29209906346003],[78.11260875971311,16.30041717489271],[78.13611505175605,16.32589026130064],[78.15753130750537,16.33284207678411],[78.16830827453535,16.33026970633481],[78.1851241765133,16.31453715596194],[78.20334461484066,16.31423937487747],[78.2193362682605,16.29415287566583],[78.2459895757755,16.28320314768787],[78.24991137701682,16.28860183265666],[78.24790039432266,16.30465617897374],[78.25587184405266,16.31998190559064],[78.26362070353528,16.32426795187554],[78.28962180771663,16.32386265883952],[78.29591244964551,16.3431662209178],[78.3112177582495,16.3546742243555]]]},"properties":{"ST_NAME":"Chhattisgarh","DIST_NAME":"Nagarkurnool"}},{"type":"Feature","geometry":{"type":"Polygon","coordinates":[[[79.31778757652965,16.57461959609273],[79.30809426696366,16.57469603924512],[79.28915586251624,16.56075496960936],[79.25710876636931,16.56612379534529],[79.24524682186394,16.53257565079614],[79.22839303238293,16.52498586736577],[79.221411279062,16.5155451689615],[79.21494068195122,16.48259403755048],[79.2334668845237,16.45985376188248],[79.21178771548692,16.4479900301913],[79.20795088019366,16.38348131375862],[79.21252144302687,16.37392545055969],[79.21069849264947,16.35665496278029],[79.2026595976371,16.36326427290119],[79.19350575214038,16.35958967809929],[79.18045482058854,16.36809684947646],[79.17175245164763,16.36855432634787],[79.16487168506937,16.37885329967394],[79.15404094412868,16.38236745375555],[79.1517019784586,16.40025766052674],[79.14277929043811,16.39915556950317],[79.12202886019205,16.40702185903894],[79.10989663088316,16.4212699437685],[79.09150405666222,16.42202971342123],[79.07259698505577,16.44326676973435],[79.05927568977476,16.4473414824991],[79.04657457529807,16.45901730097236],[78.98595467068374,16.49368198993206],[78.93911838449647,16.51067645699497],[78.92209434665999,16.52441691643026],[78.90990417465333,16.5514353693831],[78.86881565364352,16.54386555633719],[78.85540639696492,16.55123846291459],[78.83537277081274,16.54367466079012],[78.80047683490683,16.51436963731481],[78.78817851980155,16.51619754342722],[78.77782588374475,16.52817594702998],[78.76520741958137,16.53378086872051],[78.7182568924032,16.5400854882895],[78.69389004163577,16.53647074446097],[78.68141755247558,16.54009033180965],[78.67988245678816,16.53158974748865],[78.67558535059247,16.53343808293905],[78.6747584894893,16.52786770380705],[78.66917749432815,16.5296568709326],[78.66140346113734,16.52522592963424],[78.64471175223322,16.53482185214741],[78.63537537355961,16.52446602821981],[78.63001684470676,16.52696504960037],[78.6143590315895,16.51783665010837],[78.61075407183708,16.52283365982326],[78.61291937421439,16.53173008411455],[78.63299416354236,16.53680448037519],[78.63639378060748,16.54874740786325],[78.6494392499772,16.54619265752177],[78.65286199646889,16.54971331673862],[78.65836683951909,16.54369227190828],[78.66579416180869,16.54312270759513],[78.66911888110151,16.57153619956065],[78.67996179483774,16.55253889836892],[78.70146131898528,16.56489221521726],[78.71557575760038,16.58214302373378],[78.69813877479196,16.61306233280223],[78.6985892549694,16.61915766073366],[78.67998531201768,16.62436738545614],[78.6674417936309,16.65208690431964],[78.71356507489213,16.65081154330998],[78.70733867277302,16.66641702569467],[78.71016897462458,16.67862048075511],[78.72566884557493,16.68873667173362],[78.74091931806905,16.70701485677332],[78.75543772790692,16.70660520552026],[78.75754447033155,16.74827651803788],[78.78039499249084,16.74644717671181],[78.78932767673547,16.76153369832663],[78.79523260959787,16.78565812727878],[78.79185396307709,16.80235834510399],[78.79533428932504,16.81256518460871],[78.79789650517986,16.80776986781339],[78.80218202602063,16.82650254390697],[78.78761155764641,16.83198956088561],[78.78910157436194,16.84001854084594],[78.77573843769957,16.8441337344778],[78.78091620145659,16.86857721225292],[78.77205654632067,16.88279991374868],[78.75210921181075,16.86272113412676],[78.74905362810553,16.8534524477657],[78.73100516659126,16.8641319980236],[78.72687133045523,16.86998140453417],[78.72870760313646,16.89400684419816],[78.7454426503196,16.9152205932411],[78.70769727390054,16.93425996645992],[78.69598782449523,16.93590138896341],[78.7039394204172,16.95007883612486],[78.70221978072001,16.9648380481624],[78.70734679898274,16.96787587431147],[78.73188974707483,16.97358231254892],[78.75663473247482,16.96983343363791],[78.75312961850484,16.98204917242869],[78.75683504782056,16.98495998588506],[78.78960914290913,16.97664556709009],[78.79936069755433,16.99988184269335],[78.81557888856692,17.00039579397116],[78.8227450294464,17.00601568656514],[78.82474715641324,17.01717402560301],[78.77722147860665,17.03271255809997],[78.79207006821021,17.03981305520729],[78.821986885198,17.03064516293457],[78.833978487878,17.03669436480032],[78.83752591319738,17.04136617771603],[78.83611787928781,17.05553090711402],[78.84428069119576,17.06876666858209],[78.82794669422707,17.09225718370625],[78.81543719113166,17.09650461363059],[78.81922087813416,17.10929399493079],[78.83343565203596,17.10374902040331],[78.83356581802347,17.11283922085897],[78.78548086113543,17.13759256670876],[78.77372996627848,17.15562029732394],[78.77763953418072,17.16247543736467],[78.78511585292587,17.15938905459544],[78.78933677693968,17.16513857880985],[78.78097785653277,17.18662003326654],[78.77267668118134,17.18918475500434],[78.75928652265425,17.21425929639566],[78.79797772966292,17.2030490499535],[78.81628176507841,17.21239637959161],[78.8166431380825,17.22563831646935],[78.82039136670754,17.22858970710478],[78.8066360605116,17.24073316427878],[78.7780429780528,17.24603170725989],[78.75340120468339,17.26162627981443],[78.7517589663321,17.28345461772707],[78.74113733388896,17.29603139399596],[78.76221936921009,17.30397681990316],[78.75750194232924,17.3150854984243],[78.79376146461121,17.30735746405285],[78.83823178223271,17.30588217179319],[78.86377262907224,17.32784608813135],[78.88123794335257,17.3330395348218],[78.9199552646077,17.35677019957435],[78.94019639065766,17.35447901126522],[78.94286935309906,17.34357769467039],[78.96230169081456,17.34806085124771],[78.97334062471441,17.33599885231965],[79.0048572359274,17.3207635175407],[79.01731693252667,17.33213198616626],[79.04512089402857,17.32780104220041],[79.0456468034215,17.34279129668908],[79.05740168134882,17.37284057095498],[79.11316307791135,17.37095122524626],[79.15226239908513,17.35497061892365],[79.1637895448723,17.35606047803608],[79.18465188883066,17.37230343035643],[79.21355582020601,17.38371432029037],[79.21538747182821,17.38779532094121],[79.24302775195342,17.37749304652188],[79.31842681257197,17.38224371984515],[79.3070449111278,17.3490250129855],[79.31342793380585,17.34494288634094],[79.31518408806032,17.33085083889307],[79.30644074603222,17.30562233142276],[79.35355321958471,17.27010400154969],[79.36075993993988,17.25350394452612],[79.37126894528731,17.24648605727847],[79.38037909160477,17.22924143951474],[79.39962686692837,17.2532135558534],[79.41709060443499,17.24794284848826],[79.42799205000796,17.25080078707781],[79.45752271507436,17.28449233627161],[79.48339696310177,17.2777672693166],[79.49217157733553,17.28709879370215],[79.51554261428781,17.25872847730906],[79.54490046845125,17.18318833211126],[79.58116506127875,17.12900829847024],[79.59182357884579,17.08728097876798],[79.6191028745413,16.9912811955598],[79.62206114375897,16.95062714786214],[79.67101993680083,16.85127268382761],[79.68015871791252,16.79447513525046],[79.67394431692719,16.75986242633251],[79.69292915871011,16.73805315429973],[79.698812754993,16.69168830836478],[79.68382497108459,16.69488956715477],[79.66492109582211,16.68825306974968],[79.64969132475373,16.67066899858095],[79.63309388003975,16.66062896280459],[79.59731117694878,16.67312338745554],[79.57609768209018,16.65039782778483],[79.54339000580323,16.63321211900606],[79.52543944447058,16.63103592525067],[79.50443944497121,16.63646953394526],[79.4943160130344,16.63387216529806],[79.48490490232258,16.62323492638902],[79.46162776057452,16.62312019955428],[79.46157043338673,16.62314320305181],[79.44109601163943,16.61500768447097],[79.43342068452066,16.59213906910386],[79.41841808425293,16.58000235638319],[79.37858119483865,16.58404305057016],[79.35132357403279,16.57933432307545],[79.33956849285762,16.5822952228927],[79.31778757652965,16.57461959609273]]]},"properties":{"ST_NAME":"Chhattisgarh","DIST_NAME":"Nalgonda"}},{"type":"Feature","geometry":{"type":"Polygon","coordinates":[[[80.01395675319583,16.90390454405609],[80.00233413902771,16.87136054275337],[80.00374889720418,16.86172310287183],[80.01806472578957,16.85369729732464],[80.04662747747959,16.85320933156499],[80.04822340845678,16.83289030346734],[80.07292100455199,16.81819905709781],[80.06686335887092,16.78840046237238],[80.0543086150097,16.76665480414072],[80.05294110012245,16.74444579194087],[80.03794632260302,16.72979366918512],[80.03095570084359,16.71525192724793],[80.00764263575083,16.70930206476688],[79.9975486196439,16.70227990245867],[79.97939629555238,16.66567796011021],[79.96162571890649,16.64291668913824],[79.93237278107956,16.63164751538924],[79.90761147066942,16.63573127125583],[79.89291235152098,16.65216432692659],[79.885961754979,16.68642306713887],[79.87837890697038,16.69700552567256],[79.8510815518762,16.70617106126315],[79.81728239098936,16.69219994560178],[79.78585193857846,16.73046725055324],[79.77279016753383,16.73089742958224],[79.74442676167276,16.71918383476828],[79.72420822277942,16.69125745968792],[79.698812754993,16.69168830836478],[79.69292915871011,16.73805315429973],[79.67394431692719,16.75986242633251],[79.68015871791252,16.79447513525046],[79.67101993680083,16.85127268382761],[79.62206114375897,16.95062714786214],[79.6191028745413,16.9912811955598],[79.59182357884579,17.08728097876798],[79.58116506127875,17.12900829847024],[79.54490046845125,17.18318833211126],[79.51554261428781,17.25872847730906],[79.49217157733553,17.28709879370215],[79.48339696310177,17.2777672693166],[79.45752271507436,17.28449233627161],[79.42799205000796,17.25080078707781],[79.41709060443499,17.24794284848826],[79.39962686692837,17.2532135558534],[79.38037909160477,17.22924143951474],[79.37126894528731,17.24648605727847],[79.36075993993988,17.25350394452612],[79.35355321958471,17.27010400154969],[79.30644074603222,17.30562233142276],[79.31518408806032,17.33085083889307],[79.31342793380585,17.34494288634094],[79.3070449111278,17.3490250129855],[79.31842681257197,17.38224371984515],[79.24302775195342,17.37749304652188],[79.21538747182821,17.38779532094121],[79.18389355266964,17.41119717381425],[79.20565932875621,17.42371849310246],[79.23438889110433,17.4855658768341],[79.28096439225111,17.48070658738769],[79.3241353290179,17.46976276581366],[79.35214778761217,17.4965372527477],[79.36650306179153,17.50269261225954],[79.36173666012213,17.5202995951885],[79.41256163391864,17.49886512146506],[79.42371993726474,17.50213759329153],[79.43024090928002,17.51690934117283],[79.4495532467368,17.51189979979201],[79.47214112048209,17.51463641664719],[79.50515863920243,17.49583334757541],[79.52157044251184,17.49540283904065],[79.52609912929731,17.5124179562021],[79.54156348391083,17.52699071655415],[79.56555870586823,17.49779689848998],[79.57605730014437,17.50385155165298],[79.59659618073712,17.49948081914498],[79.5896990799921,17.52893631082687],[79.59512114819317,17.5272736285731],[79.60332151719726,17.49886272998961],[79.62079786477213,17.50057240401027],[79.63865133512249,17.48665637997888],[79.65023011070029,17.49336173066854],[79.65663471296867,17.49104753907784],[79.65650731178843,17.47107420048349],[79.69027625202995,17.4549187341431],[79.69988555359703,17.45616174950058],[79.69983362529081,17.44827635700582],[79.71160693009602,17.44402947742652],[79.72835733142702,17.42832774457441],[79.74534037676841,17.42826127755537],[79.75202050530322,17.43985941161364],[79.76201512985841,17.42988905631188],[79.76223912653752,17.40813467959097],[79.77248510076784,17.39965257485157],[79.7755602279408,17.40331150134938],[79.79686066898455,17.39371201359565],[79.79144782952083,17.38397871417081],[79.78118398471659,17.38112269139739],[79.77766788499623,17.36928328545098],[79.79621641724627,17.354230655592],[79.79282728213825,17.32631502043463],[79.80377867907606,17.32452028872037],[79.80368168027574,17.32374293431829],[79.80189288328785,17.31188548520704],[79.81880543928301,17.28999390205188],[79.81775879576028,17.28228624864176],[79.83048255693781,17.2705081623726],[79.84042058810202,17.27928744553689],[79.86813699108541,17.26231286775767],[79.872831340337,17.26603928165466],[79.88140830770195,17.25912407891449],[79.90069302937033,17.25415071039768],[79.90204344568227,17.24646483960869],[79.89518221130221,17.23145635624998],[79.90120282208505,17.21197181908379],[79.88558428920983,17.20905621164787],[79.87629478256424,17.19360549141767],[79.8808403960101,17.17383637277745],[79.8883571317681,17.17223914513537],[79.89965865265441,17.15572273962981],[79.91148940430622,17.15038809505515],[79.91809676101653,17.12996372218155],[79.93461192954243,17.1286841424705],[79.9467346964965,17.13523220753338],[79.96174090453634,17.12506046565027],[79.97071503066394,17.1104238949484],[79.98598805759285,17.09767789864775],[79.99684005771526,17.07558341101272],[80.01656985196112,17.06630691896465],[80.0279037508093,17.05445825477688],[80.0389730906391,17.0532801990108],[80.03688246308617,17.02448478608459],[80.0509700113518,17.01139709301041],[80.06200898235404,17.00967036493908],[80.05632279562894,16.99671048690868],[80.06060601250314,16.98792474216458],[80.05628803232057,16.9707819856903],[80.05761053537691,16.96365447836774],[80.04812382877266,16.949430481267],[80.05142419516152,16.93828623216336],[80.040503124915,16.91966379928517],[80.01715204757716,16.91729313871182],[80.01395675319583,16.90390454405609]]]},"properties":{"ST_NAME":"Chhattisgarh","DIST_NAME":"Suryapet"}},{"type":"Feature","geometry":{"type":"Polygon","coordinates":[[[79.18465188883066,17.37230343035643],[79.1637895448723,17.35606047803608],[79.15226239908513,17.35497061892365],[79.11316307791135,17.37095122524626],[79.05740168134882,17.37284057095498],[79.0456468034215,17.34279129668908],[79.04512089402857,17.32780104220041],[79.01731693252667,17.33213198616626],[79.0048572359274,17.3207635175407],[78.97334062471441,17.33599885231965],[78.96230169081456,17.34806085124771],[78.94286935309906,17.34357769467039],[78.94019639065766,17.35447901126522],[78.9199552646077,17.35677019957435],[78.88123794335257,17.3330395348218],[78.86377262907224,17.32784608813135],[78.83823178223271,17.30588217179319],[78.79376146461121,17.30735746405285],[78.75750194232924,17.3150854984243],[78.75302265104392,17.32999380016157],[78.73139713113275,17.32619741025601],[78.71929325235483,17.32837070873182],[78.72092905229078,17.33128706994358],[78.71359648609204,17.3341835075752],[78.7062799182382,17.34713077535969],[78.71402326843517,17.35876228277438],[78.73207366156495,17.35369433429392],[78.73010856728841,17.3596472709478],[78.73567199118959,17.37656567909729],[78.74177812950755,17.40145110315211],[78.74869527884992,17.40142832321007],[78.75565709272733,17.41127383962767],[78.75960440930564,17.4271794488019],[78.75088004400784,17.440472154867],[78.76033741171214,17.4602018127058],[78.7514755661603,17.47133656836598],[78.7195871002575,17.4719367936264],[78.71699886087706,17.46852898425267],[78.70963316356041,17.47600723188542],[78.70735420784047,17.50556041650961],[78.71185194378592,17.52138744575215],[78.70051040578836,17.53530690299692],[78.69496238950622,17.55143815730582],[78.70558124461044,17.5576975870681],[78.68909275328116,17.562419884215],[78.6765661480162,17.5760851947916],[78.69139661238715,17.58460660866473],[78.69315500194611,17.5923747111221],[78.68665088988121,17.59516421586217],[78.7019676016059,17.61156421566528],[78.68539167126045,17.62191337505595],[78.70116509618296,17.63181159600964],[78.69635050101259,17.63753140928595],[78.71133018909966,17.6401042654873],[78.71141827806962,17.65218513974503],[78.72392808322597,17.66821221025916],[78.73816302059744,17.67304146758351],[78.74541115658872,17.68365773379367],[78.77671841445165,17.69192204018545],[78.78854784322161,17.70206192753933],[78.78197903860546,17.71144295713608],[78.80043435557886,17.70946369299705],[78.81551313871562,17.70236945972012],[78.81565081675762,17.72262700151748],[78.82337951201356,17.7299518296834],[78.82165007331604,17.73964807664055],[78.82740495945824,17.73971631936153],[78.84077432112824,17.75237838723276],[78.85919522118422,17.74986500929664],[78.86973398368063,17.78521203091548],[78.86816711877515,17.80862860122313],[78.89971893721267,17.80510592871286],[78.90716083370464,17.81256206377587],[78.95169127978554,17.78791292038159],[78.97980919827945,17.79821748417902],[78.99096222219971,17.79360306408518],[79.00040670319936,17.77227159219368],[78.99575486627901,17.75121525075002],[79.02504874600594,17.71311281850048],[79.03752585801654,17.70979039881244],[79.04612602661165,17.72601881545915],[79.0688640832923,17.71920702674755],[79.08959113444182,17.70152205582694],[79.09858841182293,17.67868018580118],[79.11764811243881,17.66952023942057],[79.12335629188082,17.66860717392649],[79.12683566391493,17.67340389868126],[79.13049501579142,17.66996647005299],[79.13483677482215,17.64308082695558],[79.144221891786,17.62846145159777],[79.15726915589481,17.62260765860178],[79.15129103686509,17.58761028491896],[79.16740515081314,17.57546412253968],[79.17786555531302,17.58349527540637],[79.18412387288528,17.59923964914921],[79.1897144446157,17.59927920453232],[79.20539093607105,17.62389093607832],[79.21880673663324,17.61094266670943],[79.21281211432273,17.59440643153722],[79.22506672126754,17.58149469156599],[79.23163808271175,17.56293460560049],[79.2577207533584,17.55986101702899],[79.2714307531931,17.57640853525791],[79.27935489283497,17.57569914230757],[79.28868937904332,17.56924690367127],[79.29515709637958,17.55652992520794],[79.31186718814884,17.55137089045318],[79.31084878499325,17.5452084867022],[79.31957333927528,17.54020216018839],[79.32342960235115,17.52741177943969],[79.341352824015,17.5211842315165],[79.36173666012213,17.5202995951885],[79.36650306179153,17.50269261225954],[79.35214778761217,17.4965372527477],[79.3241353290179,17.46976276581366],[79.28096439225111,17.48070658738769],[79.23438889110433,17.4855658768341],[79.20565932875621,17.42371849310246],[79.18389355266964,17.41119717381425],[79.21538747182821,17.38779532094121],[79.21355582020601,17.38371432029037],[79.18465188883066,17.37230343035643]]]},"properties":{"ST_NAME":"Chhattisgarh","DIST_NAME":"Yadadri Bhuvanagiri"}},{"type":"Feature","geometry":{"type":"Polygon","coordinates":[[[78.95639500908783,18.03011704664211],[78.96338351052555,18.03653555744262],[78.97196514289317,18.03317933859837],[78.98515387140382,18.02352727989914],[78.9850601442679,18.01556225737887],[79.01390201855016,18.00328629001517],[79.02453568603516,18.01835613274094],[79.0243858618194,18.02449186039853],[79.03233053343718,18.02215986341214],[79.0411174602395,18.03169796354517],[79.05214121719064,18.0328439455271],[79.05785438957037,18.02041255062614],[79.07377768580358,18.01083734771199],[79.08925552452624,18.02772112817105],[79.10317934701715,18.02150188185984],[79.11038514552183,18.02735710932974],[79.10800822363359,18.01264385867979],[79.12316570753174,18.00473177601141],[79.14447910336791,18.00348421753894],[79.15348178474906,17.99200060439184],[79.18461989877501,17.9938085303109],[79.19224815608507,18.00161090690083],[79.23286601326986,17.99450483790172],[79.22867297572466,17.98778120509113],[79.23439460554917,17.98595240078782],[79.26304302892005,17.98367163386713],[79.26152027336849,18.0030515182389],[79.2821138564307,18.00111753681728],[79.29358687229143,18.01127962548519],[79.30030281510945,18.02462758280634],[79.32574266513731,18.02003180758068],[79.33858095604215,18.02577737847932],[79.36388435709208,18.0200736625637],[79.36769941954124,18.01538888233609],[79.38291749933177,18.03088556616715],[79.4233614092296,18.05093059073559],[79.4348254656401,18.06372006022364],[79.444647843611,18.06601891763604],[79.45366858888494,18.05673726784825],[79.46008242376325,18.03227525280735],[79.47202044997249,18.03068633593701],[79.48765556224014,18.04413636682819],[79.50427459891385,18.01911357104252],[79.49566710729302,18.01202237999181],[79.47511823687638,18.01237824270207],[79.45600949773743,17.9772199211501],[79.45827947546552,17.96369559056067],[79.52986652395865,17.95117532448309],[79.5228894105864,17.93446939499413],[79.49923976605231,17.92834884415314],[79.49612303956589,17.92397319872102],[79.50201739221043,17.90761956389934],[79.52692503844979,17.90224247358437],[79.53735954197745,17.8926672680748],[79.51855575578107,17.81184601814337],[79.51761295598163,17.77410267204818],[79.51265793699453,17.76974438678082],[79.49517205286122,17.77117574951925],[79.48612653852092,17.76460383721688],[79.48705609120755,17.75807864975625],[79.50594546914938,17.74969250172972],[79.5079185776081,17.7325475485544],[79.52972648785509,17.71545162858961],[79.54224702592695,17.72504471954278],[79.54021289611494,17.74047085949624],[79.54845324418523,17.74364935125533],[79.56978497412805,17.74186314052271],[79.58933198052196,17.75324879534579],[79.59354127125634,17.74596604456254],[79.64831784336882,17.73792425815026],[79.64957219188858,17.7698114555946],[79.66869356685902,17.76561486419638],[79.67143327897108,17.77102535011799],[79.68555822821727,17.76615288283881],[79.69936967661914,17.75240034632267],[79.68679913476137,17.71850118029598],[79.68695964257394,17.70808445936984],[79.69255661568315,17.70030835448945],[79.70892430485611,17.70001255542125],[79.71366457405806,17.70569674115583],[79.72726760878021,17.67709637494832],[79.71865337379934,17.67342434060468],[79.71594603210117,17.66688363665354],[79.72256851441051,17.64356342491183],[79.72191529078526,17.61827742044402],[79.73738225915069,17.58146940042176],[79.7320221528411,17.54947560165893],[79.71286992313715,17.52484099599973],[79.69174262237502,17.52853203704339],[79.68040968393721,17.51791589578911],[79.65986937830309,17.51693037121176],[79.65663471296867,17.49104753907784],[79.65023011070029,17.49336173066854],[79.63865133512249,17.48665637997888],[79.62079786477213,17.50057240401027],[79.60332151719726,17.49886272998961],[79.59512114819317,17.5272736285731],[79.5896990799921,17.52893631082687],[79.59659618073712,17.49948081914498],[79.57605730014437,17.50385155165298],[79.56555870586823,17.49779689848998],[79.54156348391083,17.52699071655415],[79.52609912929731,17.5124179562021],[79.52157044251184,17.49540283904065],[79.50515863920243,17.49583334757541],[79.47214112048209,17.51463641664719],[79.4495532467368,17.51189979979201],[79.43024090928002,17.51690934117283],[79.42371993726474,17.50213759329153],[79.41256163391864,17.49886512146506],[79.36173666012213,17.5202995951885],[79.341352824015,17.5211842315165],[79.32342960235115,17.52741177943969],[79.31957333927528,17.54020216018839],[79.31084878499325,17.5452084867022],[79.31186718814884,17.55137089045318],[79.29515709637958,17.55652992520794],[79.28868937904332,17.56924690367127],[79.27935489283497,17.57569914230757],[79.2714307531931,17.57640853525791],[79.2577207533584,17.55986101702899],[79.23163808271175,17.56293460560049],[79.22506672126754,17.58149469156599],[79.21281211432273,17.59440643153722],[79.21880673663324,17.61094266670943],[79.20539093607105,17.62389093607832],[79.1897144446157,17.59927920453232],[79.18412387288528,17.59923964914921],[79.17786555531302,17.58349527540637],[79.16740515081314,17.57546412253968],[79.15129103686509,17.58761028491896],[79.15726915589481,17.62260765860178],[79.144221891786,17.62846145159777],[79.13483677482215,17.64308082695558],[79.13049501579142,17.66996647005299],[79.12683566391493,17.67340389868126],[79.12335629188082,17.66860717392649],[79.11764811243881,17.66952023942057],[79.09858841182293,17.67868018580118],[79.08959113444182,17.70152205582694],[79.0688640832923,17.71920702674755],[79.04612602661165,17.72601881545915],[79.03752585801654,17.70979039881244],[79.02504874600594,17.71311281850048],[78.99575486627901,17.75121525075002],[79.00040670319936,17.77227159219368],[78.99096222219971,17.79360306408518],[78.97980919827945,17.79821748417902],[78.95169127978554,17.78791292038159],[78.90716083370464,17.81256206377587],[78.89971893721267,17.80510592871286],[78.86816711877515,17.80862860122313],[78.86769779650577,17.82539648099832],[78.8783980824468,17.82645805901759],[78.8771659291608,17.83959472630263],[78.86558273908429,17.85837017710496],[78.86761811780043,17.86896616026621],[78.85451024468749,17.86942186973926],[78.83133947466392,17.87867069082604],[78.82760904206097,17.89427725358631],[78.84023453491395,17.8958265328305],[78.84472275404836,17.90653808903029],[78.85127402425316,17.90565763431727],[78.85243116100463,17.9196113060163],[78.8642214651091,17.92918972511567],[78.86792998213127,17.9492744174503],[78.88023942743499,17.96436075755597],[78.9065627718449,17.96053832529131],[78.92736715699492,17.99830438911239],[78.94392933980909,17.99751369070894],[78.95329092312255,18.01138083137446],[78.95639500908783,18.03011704664211]]]},"properties":{"ST_NAME":"Chhattisgarh","DIST_NAME":"Jangaon"}},{"type":"Feature","geometry":{"type":"Polygon","coordinates":[[[80.08160372309626,17.58223816754407],[80.08808410510382,17.57356195095034],[80.08470187413003,17.55044881050575],[80.09447078364624,17.54590618132961],[80.0981342090366,17.53599948342192],[80.09145331294646,17.52617164002158],[80.08545479212803,17.52577067168153],[80.09518172018458,17.49791243582862],[80.12981658739427,17.4798926867984],[80.1288747105422,17.44546780962349],[80.16719367789764,17.45490830237239],[80.1702337425852,17.43761564442796],[80.16250553607597,17.42051287486638],[80.16610341297255,17.40743682385172],[80.16028954506697,17.40321165270095],[80.16198694096308,17.39023816398911],[80.16075393076572,17.37685857975394],[80.14470096770016,17.3932536883745],[80.14020477117104,17.3928980164285],[80.12994804079626,17.38828227335866],[80.12831627144668,17.37957594283177],[80.1204002220536,17.38270784214982],[80.10845885512681,17.35870601120569],[80.1004480824799,17.35802678803841],[80.08582852947063,17.36717646392361],[80.07663996686338,17.3643095261643],[80.07397513940131,17.3509979334197],[80.06857946098806,17.35315743357079],[80.05796097313363,17.34589313938526],[80.04662832482904,17.35235733313512],[79.9925187130799,17.36410201356106],[79.99155134399234,17.39940681569652],[79.96975211696487,17.40659081790479],[79.9648201666606,17.39842709228078],[79.93666952919462,17.39510255806988],[79.9404040771217,17.38219567529805],[79.93062740900274,17.36639455607468],[79.93020926047028,17.37253793727985],[79.90315887507393,17.37590409702862],[79.89589549636477,17.35650991255321],[79.89139512778995,17.35332319229848],[79.88239080992999,17.35719442462473],[79.87892354377924,17.35357703989925],[79.87547949478014,17.33058027771748],[79.84990441294266,17.33466716147285],[79.84362409280638,17.32926371527654],[79.83151704214568,17.33597104630608],[79.80377867907606,17.32452028872037],[79.79282728213825,17.32631502043463],[79.79621641724627,17.354230655592],[79.77766788499623,17.36928328545098],[79.78118398471659,17.38112269139739],[79.79144782952083,17.38397871417081],[79.79686066898455,17.39371201359565],[79.7755602279408,17.40331150134938],[79.77248510076784,17.39965257485157],[79.76223912653752,17.40813467959097],[79.76201512985841,17.42988905631188],[79.75202050530322,17.43985941161364],[79.74534037676841,17.42826127755537],[79.72835733142702,17.42832774457441],[79.71160693009602,17.44402947742652],[79.69983362529081,17.44827635700582],[79.69988555359703,17.45616174950058],[79.69027625202995,17.4549187341431],[79.65650731178843,17.47107420048349],[79.65663471296867,17.49104753907784],[79.65986937830309,17.51693037121176],[79.68040968393721,17.51791589578911],[79.69174262237502,17.52853203704339],[79.71286992313715,17.52484099599973],[79.7320221528411,17.54947560165893],[79.73738225915069,17.58146940042176],[79.72191529078526,17.61827742044402],[79.72256851441051,17.64356342491183],[79.71594603210117,17.66688363665354],[79.71865337379934,17.67342434060468],[79.72726760878021,17.67709637494832],[79.71366457405806,17.70569674115583],[79.71726856880086,17.71210756431723],[79.72363562072876,17.71242280593075],[79.73539473692941,17.69631064095193],[79.74571389984254,17.69243948080447],[79.76680734886709,17.69615025084303],[79.76810322280177,17.70159811898513],[79.78454012470668,17.70836308858122],[79.81133658010599,17.70020675421222],[79.83702452384162,17.71786825272726],[79.84473274505036,17.73278361104979],[79.85906701991917,17.74170625015442],[79.88387571350717,17.73506702177991],[79.89049320719808,17.73779739111572],[79.9010029173978,17.77170046636244],[79.89492355233612,17.7834790914909],[79.87095477957054,17.78469949981548],[79.86886276905275,17.80392502592768],[79.89455493937562,17.81922437458147],[79.91848955460223,17.82315725703131],[79.92851257418272,17.84119391826511],[79.93948610114558,17.84079258990514],[79.94322440352656,17.86161454985626],[79.97837757300223,17.85740678051221],[79.97965856389774,17.879941429845],[80.00488200977304,17.88311641089188],[80.01518249867662,17.83361100770007],[80.02333389496265,17.83010475043333],[80.05649490370774,17.83525572867147],[80.07120604703385,17.77861648061322],[80.11049508523519,17.77401427833888],[80.13424935424962,17.79861912916501],[80.14095563802606,17.7443545435146],[80.13185747248549,17.72904096275233],[80.06504770052744,17.70693874564074],[80.04692397934703,17.70807653590176],[80.04481387336679,17.69454593550175],[80.08193193640852,17.67418043441429],[80.0906682349552,17.65891011676809],[80.08587252559468,17.65243994153954],[80.07542882483547,17.65013242662811],[80.05503186796184,17.59153331329324],[80.08160372309626,17.58223816754407]]]},"properties":{"ST_NAME":"Chhattisgarh","DIST_NAME":"Mahabubabad"}},{"type":"Feature","geometry":{"type":"Polygon","coordinates":[[[80.00488200977304,17.88311641089188],[79.97965856389774,17.879941429845],[79.97837757300223,17.85740678051221],[79.94322440352656,17.86161454985626],[79.93948610114558,17.84079258990514],[79.92851257418272,17.84119391826511],[79.91848955460223,17.82315725703131],[79.89455493937562,17.81922437458147],[79.86886276905275,17.80392502592768],[79.87095477957054,17.78469949981548],[79.89492355233612,17.7834790914909],[79.9010029173978,17.77170046636244],[79.89049320719808,17.73779739111572],[79.88387571350717,17.73506702177991],[79.85906701991917,17.74170625015442],[79.84473274505036,17.73278361104979],[79.83702452384162,17.71786825272726],[79.81133658010599,17.70020675421222],[79.78454012470668,17.70836308858122],[79.76810322280177,17.70159811898513],[79.76680734886709,17.69615025084303],[79.74571389984254,17.69243948080447],[79.73539473692941,17.69631064095193],[79.72363562072876,17.71242280593075],[79.71726856880086,17.71210756431723],[79.71366457405806,17.70569674115583],[79.70892430485611,17.70001255542125],[79.69255661568315,17.70030835448945],[79.68695964257394,17.70808445936984],[79.68679913476137,17.71850118029598],[79.69936967661914,17.75240034632267],[79.68555822821727,17.76615288283881],[79.67143327897108,17.77102535011799],[79.66869356685902,17.76561486419638],[79.64957219188858,17.7698114555946],[79.64831784336882,17.73792425815026],[79.59354127125634,17.74596604456254],[79.58933198052196,17.75324879534579],[79.56978497412805,17.74186314052271],[79.54845324418523,17.74364935125533],[79.54021289611494,17.74047085949624],[79.54224702592695,17.72504471954278],[79.52972648785509,17.71545162858961],[79.5079185776081,17.7325475485544],[79.50594546914938,17.74969250172972],[79.48705609120755,17.75807864975625],[79.48612653852092,17.76460383721688],[79.49517205286122,17.77117574951925],[79.51265793699453,17.76974438678082],[79.51761295598163,17.77410267204818],[79.51855575578107,17.81184601814337],[79.53735954197745,17.8926672680748],[79.52692503844979,17.90224247358437],[79.50201739221043,17.90761956389934],[79.49612303956589,17.92397319872102],[79.49923976605231,17.92834884415314],[79.5228894105864,17.93446939499413],[79.52986652395865,17.95117532448309],[79.45827947546552,17.96369559056067],[79.45600949773743,17.9772199211501],[79.47511823687638,18.01237824270207],[79.49566710729302,18.01202237999181],[79.50427459891385,18.01911357104252],[79.48765556224014,18.04413636682819],[79.47202044997249,18.03068633593701],[79.46008242376325,18.03227525280735],[79.45366858888494,18.05673726784825],[79.444647843611,18.06601891763604],[79.45389626687462,18.07601148746675],[79.45536032319093,18.08699349363989],[79.46839941150346,18.10646428533438],[79.4673219446292,18.11367262117449],[79.48828396736066,18.09809398138084],[79.50260227862323,18.09626098863344],[79.50981249698233,18.10573567334963],[79.51947856233949,18.10002667952314],[79.55200770690793,18.09991559432181],[79.56119765996688,18.12111585834026],[79.56895135259671,18.12156381309022],[79.58073180837444,18.12103353183388],[79.57274569987575,18.13468334096806],[79.58322306426247,18.14204149561824],[79.6015048801975,18.14170315392884],[79.60199297670196,18.1486941488186],[79.60843645140656,18.18475029925702],[79.61091673902702,18.18303006263209],[79.61319033897546,18.18830024447546],[79.59852437428538,18.19841636318529],[79.59717597701008,18.21584975005111],[79.57974120968346,18.23956650788106],[79.6012407928689,18.25038229279367],[79.62018648752723,18.24969221220329],[79.63787604298538,18.25986459625461],[79.6630628829437,18.24320282350542],[79.67181675443015,18.24228569523855],[79.70359837604829,18.26427227448595],[79.70885659830265,18.25704086879839],[79.70734369664898,18.24556047503134],[79.7052671935621,18.23816698410806],[79.71864273603683,18.22872918760423],[79.72748229674174,18.20623761029488],[79.75000236495102,18.20243184609156],[79.75840581624348,18.18187778656283],[79.75117087519489,18.1514922140506],[79.73251043213511,18.14857702035283],[79.72800370005656,18.12913706286836],[79.706319273506,18.12657073356102],[79.67578144043235,18.13903761382863],[79.67026034211665,18.12510273995338],[79.71344878295382,18.09914778789262],[79.73715301132003,18.09871182685452],[79.75552294316397,18.08937840436239],[79.76662952941736,18.08871878634009],[79.80614363617659,18.09967118794736],[79.8096321750145,18.1083557343151],[79.80123635150565,18.13067160937037],[79.80858288494518,18.14472493326214],[79.84914668806199,18.14950602038096],[79.84993667100275,18.13981744480086],[79.83382227299766,18.11749414765101],[79.82652920754425,18.09433657245716],[79.85136464799139,18.08666348118827],[79.87791088622369,18.09015171074914],[79.90101401322971,18.06914139296853],[79.94439341111968,18.07598836886016],[80.00074844298982,18.11076080082679],[80.01339108282463,18.11078867996849],[80.01720148351598,18.10813443783706],[80.01723126548934,18.09674530272447],[80.01140954683484,18.07120467370177],[80.0075248204964,18.01234014505498],[79.98111362989222,17.96259469754065],[79.97163152189711,17.93195670393681],[79.9753176826997,17.92278874433879],[79.98019282218256,17.92632696283764],[79.98099538833428,17.93627165096326],[79.98668767614083,17.93434139055629],[79.97908612860348,17.89954862399433],[79.98175443178829,17.89058698097212],[80.00068474798046,17.8908123546244],[80.00488200977304,17.88311641089188]],[[79.62431781725863,17.92525178734914],[79.62786268858518,17.94811824385828],[79.65223484291465,17.9523060739912],[79.64560522380182,17.96515357870379],[79.62873483546925,17.97911964174379],[79.62110106269844,18.00022196029154],[79.61476183059133,18.01185588220632],[79.59565933143973,18.0097128540505],[79.57251814763126,18.01940596436939],[79.55602074682264,18.03195161969256],[79.53731890607884,18.00783259471945],[79.54320950346747,17.99969034136124],[79.53760312436407,17.99227266487731],[79.51464640353554,17.99188670855163],[79.51402752977499,17.97356439552452],[79.55451242665806,17.95684708288363],[79.55570088880856,17.94404861000814],[79.56808943332203,17.94425393589723],[79.58382481715545,17.92254147350094],[79.59828048084313,17.91636948167755],[79.62431781725863,17.92525178734914]]]},"properties":{"ST_NAME":"Chhattisgarh","DIST_NAME":"Warangal"}},{"type":"Feature","geometry":{"type":"Polygon","coordinates":[[[79.56808943332203,17.94425393589723],[79.55570088880856,17.94404861000814],[79.55451242665806,17.95684708288363],[79.51402752977499,17.97356439552452],[79.51464640353554,17.99188670855163],[79.53760312436407,17.99227266487731],[79.54320950346747,17.99969034136124],[79.53731890607884,18.00783259471945],[79.55602074682264,18.03195161969256],[79.57251814763126,18.01940596436939],[79.59565933143973,18.0097128540505],[79.61476183059133,18.01185588220632],[79.62110106269844,18.00022196029154],[79.62873483546925,17.97911964174379],[79.64560522380182,17.96515357870379],[79.65223484291465,17.9523060739912],[79.62786268858518,17.94811824385828],[79.62431781725863,17.92525178734914],[79.59828048084313,17.91636948167755],[79.58382481715545,17.92254147350094],[79.56808943332203,17.94425393589723]]]},"properties":{"ST_NAME":"Chhattisgarh","DIST_NAME":"Hanumakonda"}},{"type":"Feature","geometry":{"type":"Polygon","coordinates":[[[80.02633187773844,18.4030587016968],[80.0188191372608,18.382626334388],[80.00410616259961,18.37222451743935],[79.971707732868,18.37488244327856],[79.92583180335347,18.38827249767402],[79.8856433743489,18.38398146923421],[79.88980921188511,18.36131491585736],[79.91880204793605,18.33392885228021],[79.94337820646389,18.3272166472725],[79.94788278799021,18.31550518068407],[79.9345895652759,18.28395851995132],[79.90522175614917,18.29006993348594],[79.88495323712372,18.28834186643903],[79.88245551110177,18.27136728085124],[79.86684924827495,18.25569061666637],[79.85926690248164,18.23292089899812],[79.85745906882563,18.19403829375458],[79.84798673268126,18.19082514770957],[79.84068969537674,18.18217173063532],[79.83997908482263,18.16861324025839],[79.84914668806199,18.14950602038096],[79.80858288494518,18.14472493326214],[79.80123635150565,18.13067160937037],[79.8096321750145,18.1083557343151],[79.80614363617659,18.09967118794736],[79.76662952941736,18.08871878634009],[79.75552294316397,18.08937840436239],[79.73715301132003,18.09871182685452],[79.71344878295382,18.09914778789262],[79.67026034211665,18.12510273995338],[79.67578144043235,18.13903761382863],[79.706319273506,18.12657073356102],[79.72800370005656,18.12913706286836],[79.73251043213511,18.14857702035283],[79.75117087519489,18.1514922140506],[79.75840581624348,18.18187778656283],[79.75000236495102,18.20243184609156],[79.72748229674174,18.20623761029488],[79.71864273603683,18.22872918760423],[79.7052671935621,18.23816698410806],[79.70734369664898,18.24556047503134],[79.70885659830265,18.25704086879839],[79.70359837604829,18.26427227448595],[79.67181675443015,18.24228569523855],[79.6630628829437,18.24320282350542],[79.63787604298538,18.25986459625461],[79.62018648752723,18.24969221220329],[79.6012407928689,18.25038229279367],[79.57974120968346,18.23956650788106],[79.58171484842146,18.25657976688666],[79.56290187050405,18.26319003590616],[79.56715386787843,18.28005955105872],[79.56058177380214,18.28753625158866],[79.56240062217108,18.2987559244437],[79.55927152350901,18.30016576612004],[79.56407361969688,18.30909866774551],[79.57620205672956,18.30928597078344],[79.57391759392969,18.33121463532743],[79.57956527759663,18.35084969093801],[79.57471939434437,18.36991507255324],[79.5795168032524,18.38924838641417],[79.57569366268386,18.39074601901022],[79.57717644566097,18.40450252885272],[79.57971924633826,18.4132386598004],[79.56905959923868,18.41633225470563],[79.56697597324118,18.42434348755307],[79.58776733277911,18.44529521998214],[79.58735197423474,18.46215093491342],[79.59450625530366,18.46987126197444],[79.60199648247344,18.47342287345776],[79.6120140593866,18.46365980639839],[79.62216100268114,18.48543044619564],[79.63979214252575,18.47531309253682],[79.65953667733406,18.47651281580439],[79.66885524210782,18.48008314550888],[79.68114579317438,18.49385242692779],[79.72921744833081,18.48851103591103],[79.75182113286708,18.46980874062035],[79.77328075625938,18.43419813290156],[79.78932090391434,18.43388672392084],[79.80497403549766,18.41599103579181],[79.81048333154325,18.41992187942584],[79.810570782483,18.41277905423294],[79.81878411267495,18.40988191212507],[79.82265749870797,18.42843755844279],[79.80000635934653,18.46906964015514],[79.81760427455741,18.47512267348057],[79.81692548188654,18.47814781830073],[79.85452988219087,18.48711698588146],[79.85506724977347,18.47505396718811],[79.87450989987101,18.4719504373037],[79.88147442167701,18.44717367726068],[79.91076140655971,18.41429067779341],[79.9209334446297,18.44608280187895],[79.92600587178309,18.44552816434576],[79.92585469261715,18.44995530383031],[79.92021015815041,18.45214494728457],[79.91841858979927,18.45914376245108],[79.90980726836902,18.46023169033315],[79.90498106589068,18.46854043548161],[79.89426711793074,18.46795908167079],[79.88707917896046,18.49067001647735],[79.8784700986917,18.495049478968],[79.87393865721526,18.51856494458498],[79.8790813076948,18.52479339544904],[79.90183035257607,18.52098919085867],[79.90639488171553,18.51549130257812],[79.94317295191605,18.50480407438954],[79.95819685339764,18.51224487618485],[79.95379703754361,18.49720022160071],[79.96230031066625,18.48275533578016],[79.98465781060618,18.5009009442448],[80.03814817539354,18.51672583800865],[80.08639354381809,18.51872613329026],[80.08494398514388,18.50977694364076],[80.07860309423833,18.50536468168868],[80.08042991026528,18.49914142353247],[80.07509136755858,18.50022771818655],[80.06679306446159,18.49425638103492],[80.06592688793951,18.48562913977997],[80.0515223348959,18.48144246314832],[80.08499759502651,18.47344616396187],[80.09182806686535,18.4677397001409],[80.11689308291953,18.46634069400744],[80.11434407437707,18.45746678021477],[80.10254676106642,18.4567892418289],[80.0758376314913,18.42718312561841],[80.04645098496464,18.42918854162097],[80.02983059679023,18.44240395092696],[80.02148691601784,18.41988877422599],[80.02590878738577,18.41625736467123],[80.02322579199019,18.40610347778462],[80.02633187773844,18.4030587016968]]]},"properties":{"ST_NAME":"Chhattisgarh","DIST_NAME":"Jayashankar Bhupalpally"}},{"type":"Feature","geometry":{"type":"Polygon","coordinates":[[[80.34464484033367,18.59723527513029],[80.35563037151852,18.59467222835156],[80.36755608985074,18.60823369255565],[80.37567152897267,18.61070514050146],[80.38844869617685,18.59669351178903],[80.40270941948502,18.56842802578656],[80.37398577190612,18.53403160875516],[80.3831339429726,18.50615118148982],[80.37679492523819,18.48029527685718],[80.38605065840758,18.46622619611381],[80.39839774051126,18.46005121379779],[80.44425794647242,18.46116226382263],[80.4624500295243,18.44891757886656],[80.46551648731212,18.43802085249991],[80.45553809928637,18.40701316267623],[80.45818137866182,18.39790475644567],[80.47403135823038,18.38473664962615],[80.46518128752912,18.35581532569039],[80.471491444515,18.33920606526938],[80.46776037215396,18.32563154134517],[80.47458104267048,18.30385168322749],[80.50010285249374,18.2676587292909],[80.5376431786436,18.26352006303422],[80.5483588732133,18.2509469839008],[80.57205438147106,18.24064192595347],[80.61042167987824,18.21409906441422],[80.61666845350626,18.20512097314684],[80.6273729622696,18.20493345493741],[80.6327488805863,18.19169828313514],[80.65832972761648,18.17517278949137],[80.66677746871392,18.17502260173907],[80.6566343142985,18.15968054205824],[80.65554255545763,18.15436352041853],[80.6465252884199,18.15680207200171],[80.65710853951211,18.14373404021443],[80.65468624716614,18.13471849679048],[80.63120738261819,18.14138695859276],[80.62255469096449,18.12837082248789],[80.64277286488759,18.12590118671058],[80.63774107264923,18.11446543975211],[80.63506268824062,18.10950064600127],[80.61885003394622,18.11388490921257],[80.61648970888884,18.11874432981399],[80.61548323779311,18.10461275740348],[80.60758232993565,18.08844098074043],[80.60090313150675,18.0841322469812],[80.58417736313612,18.0886130336172],[80.55925875262024,18.10517670745634],[80.5491915952258,18.10387349964428],[80.54445011304848,18.0972080450871],[80.53719595738667,18.09567628475151],[80.50215476977766,18.12960735425151],[80.49449737271107,18.14527935112507],[80.48859855845996,18.14081494827219],[80.48138995776127,18.1429559402297],[80.46925226923105,18.13887322294001],[80.47879768770193,18.12063009319683],[80.47153050527507,18.09896241362043],[80.45592267868129,18.07989031027648],[80.45919409618183,18.06138606744177],[80.44506048734877,18.06705479037057],[80.4312800664574,18.06008171913061],[80.39193238600234,18.08169510139667],[80.35689780171526,18.04827486519507],[80.34632323422353,18.03639483915283],[80.34113039452622,18.01427128970991],[80.31578452350666,17.99583276537067],[80.30993732841821,17.97572415907758],[80.29366590683739,17.96424584004476],[80.27495705057687,17.96621125227914],[80.2685230481567,17.9511770183441],[80.26737689492451,17.92616646302902],[80.26950042146052,17.91558350242811],[80.27749456960986,17.90662866533231],[80.27660383035527,17.88100452282975],[80.26581576771659,17.8620804871365],[80.26288932700616,17.84596284813466],[80.24785257595252,17.82444326802655],[80.25580756425173,17.79110291226118],[80.25244353798988,17.78000619421987],[80.25790494439595,17.77754453316242],[80.25666445767517,17.7630764894861],[80.2592229316257,17.74949674663841],[80.24990470267295,17.74273229687288],[80.24768958396483,17.7338454149407],[80.24124483398163,17.73457920585197],[80.23374420796794,17.75216913105316],[80.17196729010494,17.70820858024796],[80.17765164330619,17.72170631463722],[80.16810055282403,17.72470701150474],[80.16948711012418,17.7416023467948],[80.15757198374025,17.74904630056246],[80.14095563802606,17.7443545435146],[80.13424935424962,17.79861912916501],[80.11049508523519,17.77401427833888],[80.07120604703385,17.77861648061322],[80.05649490370774,17.83525572867147],[80.02333389496265,17.83010475043333],[80.01518249867662,17.83361100770007],[80.00488200977304,17.88311641089188],[80.00068474798046,17.8908123546244],[79.98175443178829,17.89058698097212],[79.97908612860348,17.89954862399433],[79.98668767614083,17.93434139055629],[79.98099538833428,17.93627165096326],[79.98019282218256,17.92632696283764],[79.9753176826997,17.92278874433879],[79.97163152189711,17.93195670393681],[79.98111362989222,17.96259469754065],[80.0075248204964,18.01234014505498],[80.01140954683484,18.07120467370177],[80.01723126548934,18.09674530272447],[80.01720148351598,18.10813443783706],[80.01339108282463,18.11078867996849],[80.00074844298982,18.11076080082679],[79.94439341111968,18.07598836886016],[79.90101401322971,18.06914139296853],[79.87791088622369,18.09015171074914],[79.85136464799139,18.08666348118827],[79.82652920754425,18.09433657245716],[79.83382227299766,18.11749414765101],[79.84993667100275,18.13981744480086],[79.84914668806199,18.14950602038096],[79.83997908482263,18.16861324025839],[79.84068969537674,18.18217173063532],[79.84798673268126,18.19082514770957],[79.85745906882563,18.19403829375458],[79.85926690248164,18.23292089899812],[79.86684924827495,18.25569061666637],[79.88245551110177,18.27136728085124],[79.88495323712372,18.28834186643903],[79.90522175614917,18.29006993348594],[79.9345895652759,18.28395851995132],[79.94788278799021,18.31550518068407],[79.94337820646389,18.3272166472725],[79.91880204793605,18.33392885228021],[79.88980921188511,18.36131491585736],[79.8856433743489,18.38398146923421],[79.92583180335347,18.38827249767402],[79.971707732868,18.37488244327856],[80.00410616259961,18.37222451743935],[80.0188191372608,18.382626334388],[80.02633187773844,18.4030587016968],[80.02942684831561,18.40002519295591],[80.04232868165089,18.4043278241801],[80.05729132164278,18.40163077796558],[80.07422791199771,18.38834970465078],[80.07890274190166,18.39130091724729],[80.08106672329926,18.42135694727629],[80.09858785541756,18.43172834225978],[80.12363793767103,18.42591861108197],[80.15081689651508,18.41397237892713],[80.14246824315723,18.37952836416237],[80.17262379286987,18.34942895845892],[80.21672340714382,18.38952141776828],[80.22440823356409,18.42732887533328],[80.22951654994027,18.55329462838698],[80.26925492088667,18.58900143209274],[80.30433025822322,18.58799788866995],[80.34464484033367,18.59723527513029]]]},"properties":{"ST_NAME":"Chhattisgarh","DIST_NAME":"Mulugu"}},{"type":"Feature","geometry":{"type":"Polygon","coordinates":[[[80.25666445767517,17.7630764894861],[80.25790494439595,17.77754453316242],[80.25244353798988,17.78000619421987],[80.25580756425173,17.79110291226118],[80.24785257595252,17.82444326802655],[80.26288932700616,17.84596284813466],[80.26581576771659,17.8620804871365],[80.27660383035527,17.88100452282975],[80.27749456960986,17.90662866533231],[80.26950042146052,17.91558350242811],[80.26737689492451,17.92616646302902],[80.2685230481567,17.9511770183441],[80.27495705057687,17.96621125227914],[80.29366590683739,17.96424584004476],[80.30993732841821,17.97572415907758],[80.31578452350666,17.99583276537067],[80.34113039452622,18.01427128970991],[80.34632323422353,18.03639483915283],[80.35689780171526,18.04827486519507],[80.39193238600234,18.08169510139667],[80.4312800664574,18.06008171913061],[80.44506048734877,18.06705479037057],[80.45919409618183,18.06138606744177],[80.45592267868129,18.07989031027648],[80.47153050527507,18.09896241362043],[80.47879768770193,18.12063009319683],[80.46925226923105,18.13887322294001],[80.48138995776127,18.1429559402297],[80.48859855845996,18.14081494827219],[80.49449737271107,18.14527935112507],[80.50215476977766,18.12960735425151],[80.53719595738667,18.09567628475151],[80.54445011304848,18.0972080450871],[80.5491915952258,18.10387349964428],[80.55925875262024,18.10517670745634],[80.58417736313612,18.0886130336172],[80.60090313150675,18.0841322469812],[80.60758232993565,18.08844098074043],[80.61548323779311,18.10461275740348],[80.61648970888884,18.11874432981399],[80.61885003394622,18.11388490921257],[80.63506268824062,18.10950064600127],[80.63774107264923,18.11446543975211],[80.64277286488759,18.12590118671058],[80.62255469096449,18.12837082248789],[80.63120738261819,18.14138695859276],[80.65468624716614,18.13471849679048],[80.65710853951211,18.14373404021443],[80.6465252884199,18.15680207200171],[80.65554255545763,18.15436352041853],[80.6566343142985,18.15968054205824],[80.66677746871392,18.17502260173907],[80.65832972761648,18.17517278949137],[80.6327488805863,18.19169828313514],[80.6273729622696,18.20493345493741],[80.61666845350626,18.20512097314684],[80.61042167987824,18.21409906441422],[80.57205438147106,18.24064192595347],[80.5483588732133,18.2509469839008],[80.5376431786436,18.26352006303422],[80.50010285249374,18.2676587292909],[80.47458104267048,18.30385168322749],[80.46776037215396,18.32563154134517],[80.471491444515,18.33920606526938],[80.46518128752912,18.35581532569039],[80.47403135823038,18.38473664962615],[80.45818137866182,18.39790475644567],[80.45553809928637,18.40701316267623],[80.46551648731212,18.43802085249991],[80.4624500295243,18.44891757886656],[80.44425794647242,18.46116226382263],[80.39839774051126,18.46005121379779],[80.38605065840758,18.46622619611381],[80.37679492523819,18.48029527685718],[80.3831339429726,18.50615118148982],[80.37398577190612,18.53403160875516],[80.40270941948502,18.56842802578656],[80.38844869617685,18.59669351178903],[80.39584509338121,18.60496568326322],[80.41999837896105,18.61043380776738],[80.42240267933043,18.61515575381657],[80.42761202055718,18.61291193741123],[80.45612329185336,18.62939692560462],[80.4655358575617,18.62398216355888],[80.48826651393864,18.63112749528511],[80.50158678067264,18.62156444548666],[80.51472612742752,18.61938175279042],[80.53449926659272,18.58837382600224],[80.55640306584999,18.57978595473943],[80.57150171458386,18.56464565110594],[80.599790606836,18.55306428114405],[80.61841963952081,18.52759089182199],[80.63763977705425,18.52255117124498],[80.64090481577398,18.51133505614867],[80.63704481853173,18.50476370347623],[80.65528302640956,18.47589939013104],[80.68614754349301,18.45824436882792],[80.68800742280646,18.44739878100564],[80.70162398121347,18.44458536157202],[80.70541195990148,18.43968870472292],[80.69831287976038,18.43766685927022],[80.69895877754723,18.42143612080002],[80.71829253399108,18.40973734400222],[80.72289008201136,18.41515980278969],[80.73483434690141,18.41286439283975],[80.73195666508158,18.40101991583945],[80.71959135828234,18.39112952817984],[80.72942706082118,18.37881862094897],[80.72686079429869,18.36933771837246],[80.73152783265607,18.35479630127439],[80.74763267569256,18.33000729115972],[80.74875464487657,18.30899294126696],[80.7581495086163,18.3009936351937],[80.75980395776972,18.2894409341435],[80.76908823960196,18.28767222412143],[80.78024936628034,18.266116800545],[80.79385701956694,18.25948246915391],[80.79264975557756,18.24949529391098],[80.73713495776242,18.22206038697621],[80.73702823242212,18.17678674144129],[80.74407024648353,18.17104013719587],[80.7991049080028,18.16821483051759],[80.8174622350966,18.18914866211538],[80.82406151066077,18.19108215171809],[80.82358667457821,18.23612037927643],[80.8367210969416,18.23896048609709],[80.84342410981492,18.2324826904995],[80.86593584245314,18.23017297548097],[80.87260372662578,18.21062033620975],[80.87096131782702,18.20483846679829],[80.8529031297739,18.20204464608099],[80.85853525349917,18.18649882527443],[80.86015188070523,18.1479098371085],[80.86665905741012,18.13696704617965],[80.89107156837615,18.13602537671471],[80.91416386914781,18.1412144193982],[80.95161469037369,18.16370370947249],[80.95765075418775,18.17359288229947],[80.97902436345564,18.17545820860283],[80.97846084097282,18.15443477266862],[80.95550560710882,18.12910550349893],[80.9492502655505,18.08290767376657],[80.96904408471593,18.04647407742593],[80.96425213563187,18.03818645697956],[80.97962091365949,18.00331548306189],[80.98767851228271,17.9442127973983],[80.99840068458465,17.91747624032584],[80.99415704279919,17.88063076930756],[80.99644090134802,17.84842970361085],[81.00832411562578,17.7981255372273],[81.04363380686476,17.78279225417794],[81.07326118759906,17.78649919508069],[81.09765745923563,17.81242072646359],[81.12791452346501,17.82704805161472],[81.16613146494743,17.85765144737621],[81.1993036832602,17.84698248421233],[81.21560371772557,17.83455755497444],[81.23929207324502,17.82607047233382],[81.24836759209661,17.81667646655187],[81.26611706380055,17.80948679627081],[81.35403626488991,17.81227973984036],[81.37707708677397,17.80456167124315],[81.39229201275229,17.79416584048052],[81.39179927812798,17.81545081820655],[81.4016401808684,17.82098291937812],[81.41558365296457,17.81345613199231],[81.43411032924713,17.8319645751078],[81.44418136006973,17.82500520816031],[81.47424316477581,17.83801562237255],[81.49003069313855,17.81273380904223],[81.5183892650477,17.81628147702216],[81.53016135590433,17.82293826162858],[81.56366846682792,17.82573545436064],[81.5743031997432,17.83720033551074],[81.59416967847176,17.83407149496831],[81.61653321023718,17.82210481935463],[81.62232695596852,17.83347438397004],[81.63012996298737,17.83205002751338],[81.64075924273025,17.84022539105627],[81.66190975170137,17.88122713062904],[81.67089673075975,17.8872667167402],[81.68608095927706,17.88533446669344],[81.69963103036625,17.90099682458696],[81.70433721561557,17.8777153642312],[81.70964912514482,17.87179627571645],[81.76328218592143,17.90256814853841],[81.77265987057736,17.89752701735097],[81.77456984824943,17.88643192935962],[81.80690127323138,17.86917689282076],[81.81136432901214,17.85952608245849],[81.78950245589738,17.83992693574744],[81.77422147080593,17.84002328181109],[81.76414131071054,17.82709056782192],[81.74671980386047,17.83184312215958],[81.7313500375479,17.8247045672303],[81.7119787937676,17.81026472475345],[81.70632951886398,17.79101335869411],[81.69902434352481,17.7823567105587],[81.67595791127202,17.77618297103042],[81.63398908057641,17.7736815768343],[81.61577278602381,17.75102583562512],[81.58348036184816,17.73241516274251],[81.5815606883611,17.69324588609869],[81.57295500287061,17.68226778172905],[81.56778363006532,17.68166981691761],[81.54429159798906,17.63605426610884],[81.54154595360528,17.63760394175202],[81.52422504482179,17.62151778349939],[81.52349813192917,17.60587416384508],[81.51646370556114,17.60034668185045],[81.53667908837053,17.58456639242461],[81.53415837863312,17.57410864743632],[81.52963702551628,17.57178860065502],[81.53182883057329,17.5674958167671],[81.52661761112095,17.56049139610523],[81.52168636456747,17.56288397185061],[81.51227154557328,17.54497995719108],[81.51508899632303,17.53361880571912],[81.51049188421305,17.51939444334095],[81.51659308590034,17.50904401207324],[81.5236034177522,17.50888383001433],[81.52464714506544,17.50483744181904],[81.51574451082257,17.48448429621609],[81.49834408723176,17.48149327269131],[81.49563527245063,17.47738059795882],[81.50310670539196,17.46391271691373],[81.48701132914438,17.43515121599783],[81.46036336780897,17.41124804154858],[81.43977458350281,17.37990404923468],[81.42647485052291,17.38053576867931],[81.42396158458962,17.36758417480612],[81.40808041250166,17.36960931003504],[81.3883995338425,17.36238993883967],[81.37972744948917,17.3635115523433],[81.35396342446495,17.37751825999049],[81.35009545575676,17.38235908353754],[81.35176587813207,17.39541388742783],[81.33415912842392,17.39864803749703],[81.30524731384521,17.3462204241115],[81.27397369053419,17.31751071837424],[81.2456223635037,17.32611537148694],[81.23351922962371,17.32068589622751],[81.21026168057004,17.32637068291877],[81.19036517461694,17.32513380343748],[81.17661427470962,17.28798608661327],[81.17813270140354,17.26936165701258],[81.18755049649116,17.25497626855048],[81.17360666085976,17.23104714833995],[81.10137146568506,17.22253420785993],[81.07942052328592,17.21540538611276],[81.05492691685292,17.22534680036219],[81.04758486296062,17.20559757615556],[81.03199911228705,17.19210469690287],[81.01250695584072,17.19479792132776],[80.99841348501478,17.19064784936647],[80.97544006296044,17.20082386689147],[80.96773838623531,17.19872884506473],[80.9682107028115,17.20313207870758],[80.95892798932567,17.20526405306493],[80.94296222714797,17.21841831934522],[80.93538890598123,17.22022256084268],[80.91918367803146,17.23587161085987],[80.8923089432358,17.24096231685521],[80.87531794291918,17.25182216208469],[80.87678777955819,17.25807932594417],[80.8898425940114,17.26834129380516],[80.89185769905316,17.3381762905414],[80.89081320447664,17.34597616494987],[80.87483972105665,17.35095360555003],[80.85911127071974,17.34806726071617],[80.84301212197268,17.33509704765045],[80.80246720817452,17.34006385698018],[80.79423499711574,17.32764341775217],[80.75031374099045,17.30591277304688],[80.74420699111468,17.29622480575661],[80.71885768995985,17.28942713734235],[80.70479560366495,17.27391382411002],[80.6908673949654,17.27715627509015],[80.67228980681307,17.29051036969931],[80.643483116282,17.28368091983629],[80.6384447597198,17.28052076386887],[80.62837923375697,17.28821334307026],[80.60098771120508,17.29048657825902],[80.58759448811526,17.27720290192317],[80.58655284530978,17.2623297252824],[80.58064422213587,17.2553743736568],[80.55231858569651,17.24798854113794],[80.53213029045241,17.25918127212113],[80.52311904260272,17.2576913825307],[80.51286094521392,17.2643600495461],[80.49679003648,17.26707255935795],[80.48737717346476,17.27934578104976],[80.4884346404488,17.29589217755007],[80.47212613909907,17.30323634159403],[80.4545481444491,17.29505127206508],[80.4279459511358,17.27182856969921],[80.39997410115342,17.2616959123866],[80.41597074776769,17.22178664908071],[80.41241993565906,17.21443969562914],[80.39610213245383,17.20846484349458],[80.39345089825706,17.19293372015847],[80.44626485825553,17.16940249921279],[80.44927634735828,17.16393299891574],[80.44767967389362,17.15113571373664],[80.43561946514723,17.13782121091633],[80.43565743783999,17.10990496127795],[80.42096595197573,17.10357042582445],[80.41212594834258,17.09250771408931],[80.39442481515442,17.07644546076332],[80.37595867061684,17.08637353425761],[80.34574738104946,17.09110121821227],[80.34277142780647,17.10561037423382],[80.32165851207444,17.10837478450702],[80.31730739282732,17.13174262442735],[80.32800585284761,17.13410154833705],[80.32459183796342,17.14031524920792],[80.29878109541121,17.17345036173703],[80.27686760006708,17.17069450863744],[80.25940658683943,17.18046275113418],[80.25749615664417,17.22128360579331],[80.24252851761347,17.24124291067338],[80.24652077210814,17.24796128209665],[80.25510681651345,17.24734066483936],[80.26046642344743,17.2525200453067],[80.25143216453101,17.26984454511267],[80.2580702446885,17.28346228830147],[80.279771789687,17.27853175501619],[80.29585114235135,17.29568331166245],[80.36700207828336,17.33693935357031],[80.36617101886189,17.34962122221546],[80.36124741808591,17.35334734200597],[80.33621857113411,17.3621188402092],[80.31778752290755,17.36142671148891],[80.24366799543816,17.37161161473889],[80.22778924760819,17.37853334444942],[80.20854504871002,17.40085853114946],[80.18918398461463,17.39118084218943],[80.16610341297255,17.40743682385172],[80.16250553607597,17.42051287486638],[80.1702337425852,17.43761564442796],[80.16719367789764,17.45490830237239],[80.1288747105422,17.44546780962349],[80.12981658739427,17.4798926867984],[80.09518172018458,17.49791243582862],[80.08545479212803,17.52577067168153],[80.09145331294646,17.52617164002158],[80.0981342090366,17.53599948342192],[80.09447078364624,17.54590618132961],[80.08470187413003,17.55044881050575],[80.08808410510382,17.57356195095034],[80.08160372309626,17.58223816754407],[80.05503186796184,17.59153331329324],[80.07542882483547,17.65013242662811],[80.08587252559468,17.65243994153954],[80.0906682349552,17.65891011676809],[80.08193193640852,17.67418043441429],[80.04481387336679,17.69454593550175],[80.04692397934703,17.70807653590176],[80.06504770052744,17.70693874564074],[80.13185747248549,17.72904096275233],[80.14095563802606,17.7443545435146],[80.15757198374025,17.74904630056246],[80.16948711012418,17.7416023467948],[80.16810055282403,17.72470701150474],[80.17765164330619,17.72170631463722],[80.17196729010494,17.70820858024796],[80.23374420796794,17.75216913105316],[80.24124483398163,17.73457920585197],[80.24768958396483,17.7338454149407],[80.24990470267295,17.74273229687288],[80.2592229316257,17.74949674663841],[80.25666445767517,17.7630764894861]]]},"properties":{"ST_NAME":"Chhattisgarh","DIST_NAME":"Bhadradri Kothagudem"}},{"type":"Feature","geometry":{"type":"MultiPolygon","coordinates":[[[[80.16610341297255,17.40743682385172],[80.18918398461463,17.39118084218943],[80.20854504871002,17.40085853114946],[80.22778924760819,17.37853334444942],[80.24366799543816,17.37161161473889],[80.31778752290755,17.36142671148891],[80.33621857113411,17.3621188402092],[80.36124741808591,17.35334734200597],[80.36617101886189,17.34962122221546],[80.36700207828336,17.33693935357031],[80.29585114235135,17.29568331166245],[80.279771789687,17.27853175501619],[80.2580702446885,17.28346228830147],[80.25143216453101,17.26984454511267],[80.26046642344743,17.2525200453067],[80.25510681651345,17.24734066483936],[80.24652077210814,17.24796128209665],[80.24252851761347,17.24124291067338],[80.25749615664417,17.22128360579331],[80.25940658683943,17.18046275113418],[80.27686760006708,17.17069450863744],[80.29878109541121,17.17345036173703],[80.32459183796342,17.14031524920792],[80.32800585284761,17.13410154833705],[80.31730739282732,17.13174262442735],[80.32165851207444,17.10837478450702],[80.34277142780647,17.10561037423382],[80.34574738104946,17.09110121821227],[80.37595867061684,17.08637353425761],[80.39442481515442,17.07644546076332],[80.3857251378131,17.06710918207158],[80.39850076047975,17.0526506806187],[80.39576366108301,17.03577375760991],[80.40748191191808,17.02588077447973],[80.40703995110498,17.01584260742881],[80.38785859710245,17.0093127449269],[80.36501269284543,16.97525322301015],[80.44744806845183,16.95593245738274],[80.49332564171696,16.92719867748308],[80.49711596206951,16.95466961706411],[80.50512185973695,16.95680310758729],[80.52649953546708,16.9477942844447],[80.53542346860016,16.96118741247363],[80.58075043752481,16.93734086490719],[80.58433565528462,16.92915421335474],[80.60220991021741,16.91879061259612],[80.58684712657396,16.90370331830383],[80.59414471375042,16.89987474832934],[80.59495664788408,16.88408940729093],[80.57764513757861,16.87978544808248],[80.56894303344289,16.86968165311641],[80.57027318518155,16.84734242499275],[80.56337627716559,16.83326215022341],[80.5652986336028,16.82703908511682],[80.5760322736869,16.82640782351042],[80.59452939113474,16.80267734756673],[80.61284862706881,16.79386389740829],[80.59703737193192,16.79288991049791],[80.57803719136085,16.77972510802943],[80.57013317925092,16.76880583880558],[80.55199261368051,16.77504787351278],[80.51631708345776,16.77573936029913],[80.50329888576947,16.77986235421304],[80.48551395882906,16.79199620852098],[80.46499838051642,16.79522186650042],[80.46497493079012,16.82027876619119],[80.4536257342289,16.82273248836995],[80.44076702836627,16.8341069703798],[80.42835945910917,16.83811833956398],[80.42634444409,16.84982991415807],[80.38284123164308,16.86544700772142],[80.37832231663073,16.85271436362305],[80.4080031527771,16.84870528399595],[80.4043810503809,16.83244191108597],[80.39863731338852,16.83330397954289],[80.38569689395985,16.82532368358489],[80.38534926132847,16.8171287540969],[80.38173055205199,16.81601069958085],[80.37344275783457,16.82983047451354],[80.38012679612747,16.84168695716113],[80.37272842021758,16.84020315964482],[80.37364529992995,16.85205647018529],[80.34051792501754,16.85968953126741],[80.34434293229324,16.87452401007656],[80.32178769148092,16.87929643595415],[80.32455644991671,16.90606840066718],[80.31270765737972,16.91743501895897],[80.31615959229833,16.94862185176904],[80.30328029213271,16.95424892281266],[80.30732978943279,16.97364688610191],[80.29303682733276,16.97693897353506],[80.29406953912849,16.99592327851545],[80.28310696061438,17.00782034082909],[80.27047268885113,17.00431152869883],[80.26410876143929,16.99755049692197],[80.24040259218819,17.00246970916546],[80.22616340635489,17.01564307877033],[80.22287015943878,17.00815903306166],[80.21143191534335,17.01059518245014],[80.20206018081768,17.01734691175617],[80.19959163145047,17.02653581237346],[80.204101388215,17.03833139893486],[80.19646356566354,17.04407621309545],[80.18729775609013,17.01999768270878],[80.17017577361347,17.01686934589551],[80.16777426864498,17.00563366687364],[80.15336767350878,17.00698506357831],[80.14050658604269,16.99035493046503],[80.12048505840073,16.99183513259466],[80.12026186281656,16.98787419032108],[80.09541722298289,16.99039594056006],[80.09135610530008,16.96827952586429],[80.05628803232057,16.9707819856903],[80.06060601250314,16.98792474216458],[80.05632279562894,16.99671048690868],[80.06200898235404,17.00967036493908],[80.0509700113518,17.01139709301041],[80.03688246308617,17.02448478608459],[80.0389730906391,17.0532801990108],[80.0279037508093,17.05445825477688],[80.01656985196112,17.06630691896465],[79.99684005771526,17.07558341101272],[79.98598805759285,17.09767789864775],[79.97071503066394,17.1104238949484],[79.96174090453634,17.12506046565027],[79.9467346964965,17.13523220753338],[79.93461192954243,17.1286841424705],[79.91809676101653,17.12996372218155],[79.91148940430622,17.15038809505515],[79.89965865265441,17.15572273962981],[79.8883571317681,17.17223914513537],[79.8808403960101,17.17383637277745],[79.87629478256424,17.19360549141767],[79.88558428920983,17.20905621164787],[79.90120282208505,17.21197181908379],[79.89518221130221,17.23145635624998],[79.90204344568227,17.24646483960869],[79.90069302937033,17.25415071039768],[79.88140830770195,17.25912407891449],[79.872831340337,17.26603928165466],[79.86813699108541,17.26231286775767],[79.84042058810202,17.27928744553689],[79.83048255693781,17.2705081623726],[79.81775879576028,17.28228624864176],[79.81880543928301,17.28999390205188],[79.80189288328785,17.31188548520704],[79.80368168027574,17.32374293431829],[79.80377867907606,17.32452028872037],[79.83151704214568,17.33597104630608],[79.84362409280638,17.32926371527654],[79.84990441294266,17.33466716147285],[79.87547949478014,17.33058027771748],[79.87892354377924,17.35357703989925],[79.88239080992999,17.35719442462473],[79.89139512778995,17.35332319229848],[79.89589549636477,17.35650991255321],[79.90315887507393,17.37590409702862],[79.93020926047028,17.37253793727985],[79.93062740900274,17.36639455607468],[79.9404040771217,17.38219567529805],[79.93666952919462,17.39510255806988],[79.9648201666606,17.39842709228078],[79.96975211696487,17.40659081790479],[79.99155134399234,17.39940681569652],[79.9925187130799,17.36410201356106],[80.04662832482904,17.35235733313512],[80.05796097313363,17.34589313938526],[80.06857946098806,17.35315743357079],[80.07397513940131,17.3509979334197],[80.07663996686338,17.3643095261643],[80.08582852947063,17.36717646392361],[80.1004480824799,17.35802678803841],[80.10845885512681,17.35870601120569],[80.1204002220536,17.38270784214982],[80.12831627144668,17.37957594283177],[80.12994804079626,17.38828227335866],[80.14020477117104,17.3928980164285],[80.14470096770016,17.3932536883745],[80.16075393076572,17.37685857975394],[80.16198694096308,17.39023816398911],[80.16028954506697,17.40321165270095],[80.16610341297255,17.40743682385172]]],[[[80.93538890598123,17.22022256084268],[80.91891083662951,17.21993709752219],[80.9165497168528,17.21583191753986],[80.91813767229957,17.1900515365583],[80.92549442788996,17.18355749487509],[80.92384886648476,17.15774231337499],[80.9096366624789,17.15392625690346],[80.87947366889472,17.160574657765],[80.87962025478863,17.13435739143407],[80.8679474926251,17.12334478791446],[80.87633502146075,17.10558273429891],[80.86750502299249,17.08063383900457],[80.87697783906202,17.07020722607195],[80.84519636272871,17.03962539077632],[80.83351983355381,17.05091242014212],[80.79663893766325,17.06224988056438],[80.76478435721269,17.06692538387091],[80.73886386876386,17.0796355762403],[80.69943844216381,17.08379472128294],[80.6950942954361,17.07488154125275],[80.67944593040933,17.07232213219063],[80.67323118443203,17.0670012413704],[80.67108536975269,17.07034439174102],[80.65353463187465,17.06893728400156],[80.6497156180427,17.07175690726032],[80.6567480945562,17.08929165446093],[80.6680216797486,17.09508051691606],[80.67039738471,17.10120550868863],[80.6418208594412,17.11602581036413],[80.64529135424962,17.12346105637523],[80.63684458777357,17.12836766980643],[80.61818900271372,17.12855538739465],[80.57996839082244,17.15336838678002],[80.5626068836083,17.13318948870947],[80.55411914201073,17.13390092452424],[80.52765033760996,17.11925617165376],[80.51394713257802,17.12233658635921],[80.5127895702232,17.10922870917228],[80.50415253623464,17.09329402775537],[80.51001059126568,17.0871897838627],[80.50550122419496,17.06913838242573],[80.49091889510792,17.05129503777329],[80.47136335182684,17.05069177886744],[80.4648474900266,17.0303468805664],[80.43861746370511,17.03790706182535],[80.43170588995606,17.05584673416762],[80.4170325259459,17.0739328935468],[80.41897017119777,17.09234616788199],[80.41212594834258,17.09250771408931],[80.42096595197573,17.10357042582445],[80.43565743783999,17.10990496127795],[80.43561946514723,17.13782121091633],[80.44767967389362,17.15113571373664],[80.44927634735828,17.16393299891574],[80.44626485825553,17.16940249921279],[80.39345089825706,17.19293372015847],[80.39610213245383,17.20846484349458],[80.41241993565906,17.21443969562914],[80.41597074776769,17.22178664908071],[80.39997410115342,17.2616959123866],[80.4279459511358,17.27182856969921],[80.4545481444491,17.29505127206508],[80.47212613909907,17.30323634159403],[80.4884346404488,17.29589217755007],[80.48737717346476,17.27934578104976],[80.49679003648,17.26707255935795],[80.51286094521392,17.2643600495461],[80.52311904260272,17.2576913825307],[80.53213029045241,17.25918127212113],[80.55231858569651,17.24798854113794],[80.58064422213587,17.2553743736568],[80.58655284530978,17.2623297252824],[80.58759448811526,17.27720290192317],[80.60098771120508,17.29048657825902],[80.62837923375697,17.28821334307026],[80.6384447597198,17.28052076386887],[80.643483116282,17.28368091983629],[80.67228980681307,17.29051036969931],[80.6908673949654,17.27715627509015],[80.70479560366495,17.27391382411002],[80.71885768995985,17.28942713734235],[80.74420699111468,17.29622480575661],[80.75031374099045,17.30591277304688],[80.79423499711574,17.32764341775217],[80.80246720817452,17.34006385698018],[80.84301212197268,17.33509704765045],[80.85911127071974,17.34806726071617],[80.87483972105665,17.35095360555003],[80.89081320447664,17.34597616494987],[80.89185769905316,17.3381762905414],[80.8898425940114,17.26834129380516],[80.87678777955819,17.25807932594417],[80.87531794291918,17.25182216208469],[80.8923089432358,17.24096231685521],[80.91918367803146,17.23587161085987],[80.93538890598123,17.22022256084268]]]]},"properties":{"ST_NAME":"Chhattisgarh","DIST_NAME":"Khammam"}}]}